timestamp,maid_apple_idfa_or_google_aaid,app_context,event_type,partner_chain_exposure,location_permission_granted,app_tracking_transparency_opt_in,source_feed
2026-04-28T17:48:05Z,47920BF4-EF53-4CB9-95EB-DC94AF09879E,Budgeting Tool,location_ping,App -> AdNetwork_A -> DSP_Z -> DataBroker_Beta,True,False,Synthetic (Real Rails Demo)
2026-04-28T15:18:05Z,297660AC-C129-4864-9BB9-3B882CCADD44,FitnessTracker Plus,location_ping,App -> AdNetwork_A -> DSP_Z -> DataBroker_Beta,True,True,Synthetic (Real Rails Demo)
2026-04-28T14:45:05Z,A35BA837-A793-48FF-9BCA-30CFDAD478C9,WeatherApp Pro,ad_bid_request,App -> Internal Analytics,True,False,Synthetic (Real Rails Demo)
2026-04-28T14:40:05Z,E29A3EC2-2CEA-4650-8893-982DEBDD0A5A,Daily News Aggregator,ad_bid_request,App -> AdNetwork_A -> DSP_X -> DataBroker_Alpha,True,True,Synthetic (Real Rails Demo)
2026-04-28T13:16:05Z,FDD6D429-679B-415D-8871-CF060968BE77,Budgeting Tool,ad_bid_request,App -> Internal Analytics,True,False,Synthetic (Real Rails Demo)
2026-04-28T12:55:05Z,FDD6D429-679B-415D-8871-CF060968BE77,FitnessTracker Plus,ad_click,App -> AdNetwork_B -> SSP_Y,False,True,Synthetic (Real Rails Demo)
2026-04-28T12:17:05Z,8BDF3701-01B4-49EF-85FC-EA45B621830B,Casual Puzzle Game,background_sync,App -> AdNetwork_A -> DSP_Z -> DataBroker_Beta,False,False,Synthetic (Real Rails Demo)
2026-04-28T07:38:05Z,488DE9D2-55A7-4D46-A0B3-A15BA89613F6,Daily News Aggregator,background_sync,App -> AdNetwork_A -> DSP_Z -> DataBroker_Beta,True,True,Synthetic (Real Rails Demo)
2026-04-28T06:46:05Z,E29A3EC2-2CEA-4650-8893-982DEBDD0A5A,Casual Puzzle Game,ad_bid_request,App -> Internal Analytics,True,False,Synthetic (Real Rails Demo)
2026-04-28T06:19:05Z,F4EB6C1A-D199-4D43-910B-D6254424BF09,Daily News Aggregator,ad_bid_request,App -> AdNetwork_A -> DSP_Z -> DataBroker_Beta,True,False,Synthetic (Real Rails Demo)
2026-04-28T06:18:05Z,A35BA837-A793-48FF-9BCA-30CFDAD478C9,WeatherApp Pro,ad_click,App -> Location_Monetizer -> HedgeFund_Data,True,False,Synthetic (Real Rails Demo)
2026-04-28T05:51:05Z,830B4932-434C-48C8-A65A-6F3877002222,WeatherApp Pro,ad_click,App -> AdNetwork_B -> SSP_Y,True,False,Synthetic (Real Rails Demo)
2026-04-28T03:43:05Z,488DE9D2-55A7-4D46-A0B3-A15BA89613F6,Budgeting Tool,ad_bid_request,App -> AdNetwork_A -> DSP_X -> DataBroker_Alpha,True,True,Synthetic (Real Rails Demo)
2026-04-28T01:10:05Z,051200F1-C1EF-440F-8B26-6333EE388742,Daily News Aggregator,location_ping,App -> AdNetwork_A -> DSP_X -> DataBroker_Alpha,False,True,Synthetic (Real Rails Demo)
2026-04-28T01:04:05Z,47920BF4-EF53-4CB9-95EB-DC94AF09879E,Daily News Aggregator,location_ping,App -> Location_Monetizer -> HedgeFund_Data,True,True,Synthetic (Real Rails Demo)
2026-04-28T00:56:05Z,E29A3EC2-2CEA-4650-8893-982DEBDD0A5A,FitnessTracker Plus,ad_click,App -> Location_Monetizer -> HedgeFund_Data,False,False,Synthetic (Real Rails Demo)
2026-04-27T23:17:05Z,F4EB6C1A-D199-4D43-910B-D6254424BF09,Budgeting Tool,background_sync,App -> Internal Analytics,False,True,Synthetic (Real Rails Demo)
2026-04-27T23:05:05Z,BFC84A68-E949-4D0E-879F-747F49A38B9D,Casual Puzzle Game,location_ping,App -> Location_Monetizer -> HedgeFund_Data,True,False,Synthetic (Real Rails Demo)
2026-04-27T23:03:05Z,A35BA837-A793-48FF-9BCA-30CFDAD478C9,Casual Puzzle Game,ad_bid_request,App -> AdNetwork_A -> DSP_X -> DataBroker_Alpha,True,True,Synthetic (Real Rails Demo)
2026-04-27T22:47:05Z,A1678FE7-98D5-4641-878E-B613A823F403,WeatherApp Pro,ad_click,App -> Location_Monetizer -> HedgeFund_Data,True,False,Synthetic (Real Rails Demo)
2026-04-27T22:20:05Z,A35BA837-A793-48FF-9BCA-30CFDAD478C9,WeatherApp Pro,ad_click,App -> Location_Monetizer -> HedgeFund_Data,True,False,Synthetic (Real Rails Demo)
2026-04-27T21:50:05Z,9B117EFF-8EEB-4338-AC9A-7070150697C6,Casual Puzzle Game,ad_bid_request,App -> AdNetwork_B -> SSP_Y,False,True,Synthetic (Real Rails Demo)
2026-04-27T20:34:05Z,A1678FE7-98D5-4641-878E-B613A823F403,Casual Puzzle Game,location_ping,App -> Internal Analytics,True,True,Synthetic (Real Rails Demo)
2026-04-27T20:10:05Z,47920BF4-EF53-4CB9-95EB-DC94AF09879E,Budgeting Tool,ad_bid_request,App -> Location_Monetizer -> HedgeFund_Data,True,True,Synthetic (Real Rails Demo)
2026-04-27T19:35:05Z,3BD1CB73-4994-4D84-97D0-AD33B654EF63,Budgeting Tool,ad_bid_request,App -> AdNetwork_A -> DSP_X -> DataBroker_Alpha,True,False,Synthetic (Real Rails Demo)
2026-04-27T11:02:05Z,2E6DE9C8-4D1D-42B2-B336-7C3CC2B61824,Daily News Aggregator,app_open,App -> AdNetwork_A -> DSP_Z -> DataBroker_Beta,True,False,Synthetic (Real Rails Demo)
2026-04-27T09:45:05Z,2D884BB9-1526-4DF5-93A3-97322E67EE09,Daily News Aggregator,background_sync,App -> AdNetwork_A -> DSP_Z -> DataBroker_Beta,False,False,Synthetic (Real Rails Demo)
2026-04-27T09:19:05Z,0BFA7490-BDEA-48E0-AA71-99DD83C3DC69,WeatherApp Pro,ad_click,App -> AdNetwork_A -> DSP_Z -> DataBroker_Beta,False,True,Synthetic (Real Rails Demo)
2026-04-27T07:48:05Z,1CCE7E01-0222-43FD-9886-791E8486B89F,WeatherApp Pro,ad_click,App -> Location_Monetizer -> HedgeFund_Data,False,False,Synthetic (Real Rails Demo)
2026-04-27T06:51:05Z,47920BF4-EF53-4CB9-95EB-DC94AF09879E,WeatherApp Pro,location_ping,App -> Internal Analytics,True,False,Synthetic (Real Rails Demo)
2026-04-27T06:18:05Z,47920BF4-EF53-4CB9-95EB-DC94AF09879E,WeatherApp Pro,app_open,App -> Internal Analytics,True,True,Synthetic (Real Rails Demo)
2026-04-27T05:48:05Z,01B65361-6D8A-4895-93B6-7336D9CA1232,Budgeting Tool,background_sync,App -> AdNetwork_B -> SSP_Y,True,False,Synthetic (Real Rails Demo)
2026-04-26T23:38:05Z,2D884BB9-1526-4DF5-93A3-97322E67EE09,WeatherApp Pro,background_sync,App -> AdNetwork_B -> SSP_Y,False,True,Synthetic (Real Rails Demo)
2026-04-26T22:46:05Z,BFC84A68-E949-4D0E-879F-747F49A38B9D,WeatherApp Pro,ad_click,App -> Internal Analytics,True,False,Synthetic (Real Rails Demo)
2026-04-26T20:10:05Z,4D5D182F-F425-4C5C-8903-484327F69C52,Daily News Aggregator,ad_click,App -> AdNetwork_A -> DSP_Z -> DataBroker_Beta,True,True,Synthetic (Real Rails Demo)
2026-04-26T19:30:05Z,2D884BB9-1526-4DF5-93A3-97322E67EE09,WeatherApp Pro,app_open,App -> AdNetwork_B -> SSP_Y,False,True,Synthetic (Real Rails Demo)
2026-04-26T19:09:05Z,2D884BB9-1526-4DF5-93A3-97322E67EE09,Daily News Aggregator,location_ping,App -> AdNetwork_B -> SSP_Y,False,True,Synthetic (Real Rails Demo)
2026-04-26T19:06:05Z,75C4DDA6-FC7C-4CD6-97AE-EF4968A5BCEA,Daily News Aggregator,ad_click,App -> Internal Analytics,False,False,Synthetic (Real Rails Demo)
2026-04-26T16:03:05Z,B22F2BBF-4230-4DA2-8D4D-0CC1D2BDB199,Budgeting Tool,app_open,App -> AdNetwork_A -> DSP_Z -> DataBroker_Beta,False,False,Synthetic (Real Rails Demo)
2026-04-26T14:05:05Z,A1678FE7-98D5-4641-878E-B613A823F403,Budgeting Tool,app_open,App -> Internal Analytics,True,False,Synthetic (Real Rails Demo)
2026-04-26T13:43:05Z,F4EB6C1A-D199-4D43-910B-D6254424BF09,Daily News Aggregator,location_ping,App -> Internal Analytics,True,False,Synthetic (Real Rails Demo)
2026-04-26T13:40:05Z,F4EB6C1A-D199-4D43-910B-D6254424BF09,FitnessTracker Plus,location_ping,App -> Internal Analytics,True,False,Synthetic (Real Rails Demo)
2026-04-26T13:10:05Z,EE7E52CB-40A0-4332-A364-CAA88D309FB0,WeatherApp Pro,location_ping,App -> AdNetwork_A -> DSP_X -> DataBroker_Alpha,True,False,Synthetic (Real Rails Demo)
2026-04-26T12:46:05Z,1CCE7E01-0222-43FD-9886-791E8486B89F,WeatherApp Pro,ad_bid_request,App -> AdNetwork_A -> DSP_X -> DataBroker_Alpha,False,True,Synthetic (Real Rails Demo)
2026-04-26T11:30:05Z,7DF1164F-E83C-46A1-AEAC-CFE2D4BBF619,FitnessTracker Plus,background_sync,App -> AdNetwork_B -> SSP_Y,True,False,Synthetic (Real Rails Demo)
2026-04-26T09:54:05Z,7268C0EB-E4F0-422A-8583-0B55F1D1A685,WeatherApp Pro,background_sync,App -> AdNetwork_A -> DSP_X -> DataBroker_Alpha,True,True,Synthetic (Real Rails Demo)
2026-04-26T09:49:05Z,A0C12E99-8709-4CAE-8475-31B8D57A4221,Daily News Aggregator,ad_bid_request,App -> Location_Monetizer -> HedgeFund_Data,False,False,Synthetic (Real Rails Demo)
2026-04-26T05:27:05Z,64F26D6E-2C3B-4E2C-A97D-F220901711FB,Daily News Aggregator,ad_click,App -> Internal Analytics,True,False,Synthetic (Real Rails Demo)
2026-04-26T04:01:05Z,488DE9D2-55A7-4D46-A0B3-A15BA89613F6,FitnessTracker Plus,app_open,App -> Location_Monetizer -> HedgeFund_Data,True,True,Synthetic (Real Rails Demo)
2026-04-26T03:15:05Z,488DE9D2-55A7-4D46-A0B3-A15BA89613F6,WeatherApp Pro,ad_bid_request,App -> AdNetwork_A -> DSP_Z -> DataBroker_Beta,False,True,Synthetic (Real Rails Demo)
2026-04-26T01:48:05Z,63F11763-7D52-4101-AC1F-5FF145A2AEDC,WeatherApp Pro,ad_bid_request,App -> AdNetwork_A -> DSP_X -> DataBroker_Alpha,True,True,Synthetic (Real Rails Demo)
2026-04-25T20:59:05Z,1CCE7E01-0222-43FD-9886-791E8486B89F,WeatherApp Pro,ad_bid_request,App -> AdNetwork_B -> SSP_Y,False,True,Synthetic (Real Rails Demo)
2026-04-25T20:09:05Z,1CCE7E01-0222-43FD-9886-791E8486B89F,Budgeting Tool,ad_bid_request,App -> Location_Monetizer -> HedgeFund_Data,True,True,Synthetic (Real Rails Demo)
2026-04-25T12:45:05Z,42716A69-B118-4DCD-A2BF-CE57CEB57535,WeatherApp Pro,background_sync,App -> AdNetwork_A -> DSP_Z -> DataBroker_Beta,True,True,Synthetic (Real Rails Demo)
2026-04-25T09:48:05Z,A35BA837-A793-48FF-9BCA-30CFDAD478C9,FitnessTracker Plus,app_open,App -> AdNetwork_A -> DSP_X -> DataBroker_Alpha,True,True,Synthetic (Real Rails Demo)
2026-04-25T09:04:05Z,47920BF4-EF53-4CB9-95EB-DC94AF09879E,Budgeting Tool,ad_bid_request,App -> AdNetwork_B -> SSP_Y,True,True,Synthetic (Real Rails Demo)
2026-04-25T05:13:05Z,A35BA837-A793-48FF-9BCA-30CFDAD478C9,Casual Puzzle Game,ad_click,App -> AdNetwork_A -> DSP_Z -> DataBroker_Beta,True,True,Synthetic (Real Rails Demo)
2026-04-25T04:48:05Z,A94DE30D-9D9F-4237-807F-34F49488BDFD,Budgeting Tool,background_sync,App -> AdNetwork_B -> SSP_Y,False,True,Synthetic (Real Rails Demo)
2026-04-25T04:31:05Z,15F322A9-DB68-4B35-B7AB-7F0C35FF0961,Daily News Aggregator,app_open,App -> AdNetwork_A -> DSP_Z -> DataBroker_Beta,True,False,Synthetic (Real Rails Demo)
2026-04-24T23:47:05Z,50B8F242-E062-410F-A6E8-D82BFEF8BF6D,Budgeting Tool,ad_click,App -> AdNetwork_A -> DSP_X -> DataBroker_Alpha,True,True,Synthetic (Real Rails Demo)
2026-04-24T23:18:05Z,47920BF4-EF53-4CB9-95EB-DC94AF09879E,FitnessTracker Plus,ad_click,App -> AdNetwork_A -> DSP_X -> DataBroker_Alpha,True,False,Synthetic (Real Rails Demo)
2026-04-24T22:48:05Z,FDD6D429-679B-415D-8871-CF060968BE77,WeatherApp Pro,ad_bid_request,App -> AdNetwork_B -> SSP_Y,True,True,Synthetic (Real Rails Demo)
2026-04-24T22:35:05Z,2D884BB9-1526-4DF5-93A3-97322E67EE09,WeatherApp Pro,ad_bid_request,App -> Location_Monetizer -> HedgeFund_Data,True,False,Synthetic (Real Rails Demo)
2026-04-24T21:35:05Z,2D884BB9-1526-4DF5-93A3-97322E67EE09,Budgeting Tool,ad_bid_request,App -> Location_Monetizer -> HedgeFund_Data,True,True,Synthetic (Real Rails Demo)
2026-04-24T18:13:05Z,29C4A292-5DB7-43D0-A216-EABEF998E910,Budgeting Tool,location_ping,App -> Location_Monetizer -> HedgeFund_Data,True,False,Synthetic (Real Rails Demo)
2026-04-24T16:59:05Z,4F7E259C-4E51-4AA3-903F-B06CE23A3A85,WeatherApp Pro,location_ping,App -> Location_Monetizer -> HedgeFund_Data,True,True,Synthetic (Real Rails Demo)
2026-04-24T14:58:05Z,FDD6D429-679B-415D-8871-CF060968BE77,WeatherApp Pro,app_open,App -> AdNetwork_A -> DSP_X -> DataBroker_Alpha,False,False,Synthetic (Real Rails Demo)
2026-04-24T13:45:05Z,BFC84A68-E949-4D0E-879F-747F49A38B9D,Casual Puzzle Game,background_sync,App -> AdNetwork_A -> DSP_Z -> DataBroker_Beta,True,False,Synthetic (Real Rails Demo)
2026-04-24T12:27:05Z,47920BF4-EF53-4CB9-95EB-DC94AF09879E,Budgeting Tool,app_open,App -> Internal Analytics,True,False,Synthetic (Real Rails Demo)
2026-04-24T12:01:05Z,481FF22C-C922-4514-A586-6BE1250FBEFF,Casual Puzzle Game,background_sync,App -> AdNetwork_A -> DSP_X -> DataBroker_Alpha,False,False,Synthetic (Real Rails Demo)
2026-04-24T11:38:05Z,E29A3EC2-2CEA-4650-8893-982DEBDD0A5A,WeatherApp Pro,ad_bid_request,App -> Location_Monetizer -> HedgeFund_Data,True,False,Synthetic (Real Rails Demo)
2026-04-24T11:17:05Z,66447001-9A3F-4EDD-8957-0F4EA3742BE4,Budgeting Tool,background_sync,App -> AdNetwork_B -> SSP_Y,False,True,Synthetic (Real Rails Demo)
2026-04-24T10:47:05Z,E29A3EC2-2CEA-4650-8893-982DEBDD0A5A,WeatherApp Pro,ad_bid_request,App -> AdNetwork_A -> DSP_X -> DataBroker_Alpha,True,False,Synthetic (Real Rails Demo)
2026-04-24T09:43:05Z,57BDC469-F832-4C84-A053-99D26F539291,WeatherApp Pro,app_open,App -> AdNetwork_A -> DSP_Z -> DataBroker_Beta,True,True,Synthetic (Real Rails Demo)
2026-04-24T09:02:05Z,2D884BB9-1526-4DF5-93A3-97322E67EE09,WeatherApp Pro,location_ping,App -> Internal Analytics,False,True,Synthetic (Real Rails Demo)
2026-04-24T08:53:05Z,F4EB6C1A-D199-4D43-910B-D6254424BF09,FitnessTracker Plus,background_sync,App -> AdNetwork_A -> DSP_Z -> DataBroker_Beta,True,True,Synthetic (Real Rails Demo)
2026-04-24T07:49:05Z,15C683D7-F8D2-49EA-A7EE-51E0807A75E2,WeatherApp Pro,ad_bid_request,App -> Location_Monetizer -> HedgeFund_Data,True,False,Synthetic (Real Rails Demo)
2026-04-24T07:11:05Z,47A8B091-CEC1-4978-A18E-A20F6A94ED36,Casual Puzzle Game,ad_bid_request,App -> AdNetwork_A -> DSP_Z -> DataBroker_Beta,True,True,Synthetic (Real Rails Demo)
2026-04-24T07:06:05Z,5E0CAB03-755E-4716-BF2D-23960109BF0D,FitnessTracker Plus,ad_click,App -> AdNetwork_A -> DSP_Z -> DataBroker_Beta,False,True,Synthetic (Real Rails Demo)
2026-04-24T06:03:05Z,A39FCA8B-0ACA-4F7F-B1B6-5634345AC715,Budgeting Tool,location_ping,App -> Internal Analytics,True,False,Synthetic (Real Rails Demo)
2026-04-24T06:01:05Z,E29A3EC2-2CEA-4650-8893-982DEBDD0A5A,Budgeting Tool,ad_click,App -> Location_Monetizer -> HedgeFund_Data,True,True,Synthetic (Real Rails Demo)
2026-04-24T04:16:05Z,61EF5195-623F-41D3-82F6-BC570D5D8A40,Casual Puzzle Game,ad_bid_request,App -> Internal Analytics,False,False,Synthetic (Real Rails Demo)
2026-04-24T02:13:05Z,9EEA4FF3-CEC8-42AE-A131-26E65F5B59ED,Casual Puzzle Game,location_ping,App -> AdNetwork_A -> DSP_Z -> DataBroker_Beta,False,True,Synthetic (Real Rails Demo)
2026-04-23T23:04:05Z,488DE9D2-55A7-4D46-A0B3-A15BA89613F6,Budgeting Tool,app_open,App -> Internal Analytics,True,True,Synthetic (Real Rails Demo)
2026-04-23T21:12:05Z,1CCE7E01-0222-43FD-9886-791E8486B89F,Budgeting Tool,location_ping,App -> Location_Monetizer -> HedgeFund_Data,False,False,Synthetic (Real Rails Demo)
2026-04-23T21:01:05Z,47920BF4-EF53-4CB9-95EB-DC94AF09879E,Casual Puzzle Game,ad_bid_request,App -> AdNetwork_A -> DSP_X -> DataBroker_Alpha,True,False,Synthetic (Real Rails Demo)
2026-04-23T19:54:05Z,F4EB6C1A-D199-4D43-910B-D6254424BF09,Daily News Aggregator,ad_click,App -> AdNetwork_B -> SSP_Y,False,True,Synthetic (Real Rails Demo)
2026-04-23T19:23:05Z,F4EB6C1A-D199-4D43-910B-D6254424BF09,Casual Puzzle Game,location_ping,App -> AdNetwork_A -> DSP_Z -> DataBroker_Beta,True,True,Synthetic (Real Rails Demo)
2026-04-23T16:30:05Z,1FA79FF2-F487-4899-AFFA-C730E5908278,Budgeting Tool,ad_bid_request,App -> AdNetwork_A -> DSP_X -> DataBroker_Alpha,False,False,Synthetic (Real Rails Demo)
2026-04-23T15:04:05Z,986FB798-AA0A-49FC-B639-2D0867B10B3A,Casual Puzzle Game,location_ping,App -> AdNetwork_B -> SSP_Y,False,True,Synthetic (Real Rails Demo)
2026-04-23T10:18:05Z,2D884BB9-1526-4DF5-93A3-97322E67EE09,FitnessTracker Plus,ad_bid_request,App -> AdNetwork_B -> SSP_Y,False,True,Synthetic (Real Rails Demo)
2026-04-23T07:53:05Z,BFC84A68-E949-4D0E-879F-747F49A38B9D,WeatherApp Pro,ad_bid_request,App -> AdNetwork_A -> DSP_X -> DataBroker_Alpha,True,True,Synthetic (Real Rails Demo)
2026-04-23T07:14:05Z,FDD6D429-679B-415D-8871-CF060968BE77,Daily News Aggregator,ad_bid_request,App -> AdNetwork_A -> DSP_X -> DataBroker_Alpha,True,True,Synthetic (Real Rails Demo)
2026-04-23T04:43:05Z,198B4C0A-9604-402D-A728-B86B90EDB3AC,WeatherApp Pro,ad_click,App -> AdNetwork_A -> DSP_X -> DataBroker_Alpha,True,True,Synthetic (Real Rails Demo)
2026-04-23T04:20:05Z,E29A3EC2-2CEA-4650-8893-982DEBDD0A5A,Daily News Aggregator,app_open,App -> AdNetwork_B -> SSP_Y,True,False,Synthetic (Real Rails Demo)
2026-04-23T03:24:05Z,488DE9D2-55A7-4D46-A0B3-A15BA89613F6,WeatherApp Pro,location_ping,App -> Internal Analytics,False,False,Synthetic (Real Rails Demo)
2026-04-23T02:27:05Z,488DE9D2-55A7-4D46-A0B3-A15BA89613F6,Casual Puzzle Game,location_ping,App -> Internal Analytics,False,True,Synthetic (Real Rails Demo)
2026-04-23T01:07:05Z,41385900-1B13-404E-A489-E1427CA36018,Casual Puzzle Game,background_sync,App -> Location_Monetizer -> HedgeFund_Data,True,False,Synthetic (Real Rails Demo)
2026-04-22T23:51:05Z,FDD6D429-679B-415D-8871-CF060968BE77,WeatherApp Pro,background_sync,App -> AdNetwork_A -> DSP_Z -> DataBroker_Beta,True,True,Synthetic (Real Rails Demo)
2026-04-22T23:26:05Z,A0FB80D6-51D2-438D-8E9A-3F3305BDD5B3,Daily News Aggregator,ad_click,App -> AdNetwork_B -> SSP_Y,True,True,Synthetic (Real Rails Demo)
2026-04-22T22:05:05Z,A1678FE7-98D5-4641-878E-B613A823F403,Casual Puzzle Game,location_ping,App -> AdNetwork_A -> DSP_X -> DataBroker_Alpha,True,True,Synthetic (Real Rails Demo)
2026-04-22T22:00:05Z,5F51CF2C-4F92-42E8-B352-99CBFFE32363,Daily News Aggregator,ad_click,App -> Internal Analytics,True,True,Synthetic (Real Rails Demo)
2026-04-22T21:42:05Z,E29A3EC2-2CEA-4650-8893-982DEBDD0A5A,WeatherApp Pro,app_open,App -> Location_Monetizer -> HedgeFund_Data,False,True,Synthetic (Real Rails Demo)
2026-04-22T20:45:05Z,1CCE7E01-0222-43FD-9886-791E8486B89F,FitnessTracker Plus,ad_bid_request,App -> Internal Analytics,False,False,Synthetic (Real Rails Demo)
2026-04-22T19:58:05Z,69E2A94D-98CE-4611-BFE2-9D0D3F7B2932,WeatherApp Pro,background_sync,App -> Internal Analytics,False,False,Synthetic (Real Rails Demo)
2026-04-22T19:30:05Z,47920BF4-EF53-4CB9-95EB-DC94AF09879E,Budgeting Tool,ad_click,App -> Internal Analytics,True,True,Synthetic (Real Rails Demo)
2026-04-22T19:00:05Z,488DE9D2-55A7-4D46-A0B3-A15BA89613F6,FitnessTracker Plus,app_open,App -> AdNetwork_B -> SSP_Y,False,False,Synthetic (Real Rails Demo)
2026-04-22T18:32:05Z,FDD6D429-679B-415D-8871-CF060968BE77,Daily News Aggregator,app_open,App -> Internal Analytics,True,False,Synthetic (Real Rails Demo)
2026-04-22T16:51:05Z,47920BF4-EF53-4CB9-95EB-DC94AF09879E,Daily News Aggregator,background_sync,App -> AdNetwork_A -> DSP_Z -> DataBroker_Beta,True,False,Synthetic (Real Rails Demo)
2026-04-22T13:13:05Z,A1678FE7-98D5-4641-878E-B613A823F403,Daily News Aggregator,app_open,App -> AdNetwork_B -> SSP_Y,False,False,Synthetic (Real Rails Demo)
2026-04-22T12:51:05Z,2D884BB9-1526-4DF5-93A3-97322E67EE09,Daily News Aggregator,background_sync,App -> Location_Monetizer -> HedgeFund_Data,True,True,Synthetic (Real Rails Demo)
2026-04-22T10:34:05Z,F4EB6C1A-D199-4D43-910B-D6254424BF09,WeatherApp Pro,background_sync,App -> AdNetwork_B -> SSP_Y,True,False,Synthetic (Real Rails Demo)
2026-04-22T10:16:05Z,2D884BB9-1526-4DF5-93A3-97322E67EE09,FitnessTracker Plus,app_open,App -> AdNetwork_A -> DSP_X -> DataBroker_Alpha,True,False,Synthetic (Real Rails Demo)
2026-04-22T10:06:05Z,FDD6D429-679B-415D-8871-CF060968BE77,FitnessTracker Plus,ad_click,App -> AdNetwork_A -> DSP_Z -> DataBroker_Beta,False,True,Synthetic (Real Rails Demo)
2026-04-22T09:09:05Z,F4EB6C1A-D199-4D43-910B-D6254424BF09,Daily News Aggregator,location_ping,App -> AdNetwork_A -> DSP_X -> DataBroker_Alpha,True,False,Synthetic (Real Rails Demo)
2026-04-22T07:20:05Z,E29A3EC2-2CEA-4650-8893-982DEBDD0A5A,WeatherApp Pro,ad_bid_request,App -> AdNetwork_A -> DSP_Z -> DataBroker_Beta,True,True,Synthetic (Real Rails Demo)
2026-04-22T06:34:05Z,2D884BB9-1526-4DF5-93A3-97322E67EE09,FitnessTracker Plus,app_open,App -> AdNetwork_B -> SSP_Y,False,True,Synthetic (Real Rails Demo)
2026-04-22T04:03:05Z,F4EB6C1A-D199-4D43-910B-D6254424BF09,Daily News Aggregator,ad_bid_request,App -> Location_Monetizer -> HedgeFund_Data,True,True,Synthetic (Real Rails Demo)
2026-04-22T03:09:05Z,36793ADC-E95A-4000-B815-D0D8EFD70452,Budgeting Tool,background_sync,App -> AdNetwork_A -> DSP_Z -> DataBroker_Beta,False,False,Synthetic (Real Rails Demo)
2026-04-22T02:10:05Z,F4EB6C1A-D199-4D43-910B-D6254424BF09,FitnessTracker Plus,app_open,App -> AdNetwork_A -> DSP_Z -> DataBroker_Beta,True,False,Synthetic (Real Rails Demo)
2026-04-21T22:43:05Z,0E7652CB-4BB9-4849-BDCA-239A2DE50A84,Casual Puzzle Game,location_ping,App -> AdNetwork_A -> DSP_X -> DataBroker_Alpha,True,True,Synthetic (Real Rails Demo)
2026-04-21T21:18:05Z,1CCE7E01-0222-43FD-9886-791E8486B89F,Budgeting Tool,background_sync,App -> AdNetwork_B -> SSP_Y,True,False,Synthetic (Real Rails Demo)
2026-04-21T21:15:05Z,4FB00F14-C558-4A82-B19E-66BBEDB481C2,WeatherApp Pro,ad_bid_request,App -> AdNetwork_A -> DSP_X -> DataBroker_Alpha,True,True,Synthetic (Real Rails Demo)
2026-04-21T21:12:05Z,1CCE7E01-0222-43FD-9886-791E8486B89F,Casual Puzzle Game,app_open,App -> Internal Analytics,False,False,Synthetic (Real Rails Demo)
2026-04-21T16:16:05Z,E29A3EC2-2CEA-4650-8893-982DEBDD0A5A,FitnessTracker Plus,app_open,App -> Location_Monetizer -> HedgeFund_Data,False,False,Synthetic (Real Rails Demo)
2026-04-21T13:27:05Z,0DF6E596-92BD-4592-A28F-4691247DEB85,Casual Puzzle Game,location_ping,App -> Internal Analytics,False,False,Synthetic (Real Rails Demo)
2026-04-21T12:25:05Z,FDD6D429-679B-415D-8871-CF060968BE77,WeatherApp Pro,app_open,App -> AdNetwork_A -> DSP_Z -> DataBroker_Beta,False,True,Synthetic (Real Rails Demo)
2026-04-21T09:35:05Z,D2C9833E-AC6C-477B-B42F-52F5C74055A0,Daily News Aggregator,app_open,App -> AdNetwork_B -> SSP_Y,False,False,Synthetic (Real Rails Demo)
2026-04-21T07:33:05Z,A1678FE7-98D5-4641-878E-B613A823F403,Casual Puzzle Game,app_open,App -> AdNetwork_A -> DSP_X -> DataBroker_Alpha,True,True,Synthetic (Real Rails Demo)
2026-04-21T05:32:05Z,7BF818F5-BE92-43E5-B5BE-B3161C18445E,FitnessTracker Plus,app_open,App -> Internal Analytics,True,False,Synthetic (Real Rails Demo)
2026-04-21T02:14:05Z,1CCE7E01-0222-43FD-9886-791E8486B89F,Casual Puzzle Game,ad_click,App -> AdNetwork_B -> SSP_Y,True,True,Synthetic (Real Rails Demo)
2026-04-21T00:49:05Z,A35BA837-A793-48FF-9BCA-30CFDAD478C9,WeatherApp Pro,ad_bid_request,App -> AdNetwork_A -> DSP_X -> DataBroker_Alpha,True,False,Synthetic (Real Rails Demo)
2026-04-21T00:41:05Z,BFC84A68-E949-4D0E-879F-747F49A38B9D,Daily News Aggregator,app_open,App -> AdNetwork_B -> SSP_Y,True,False,Synthetic (Real Rails Demo)
2026-04-21T00:37:05Z,1CCE7E01-0222-43FD-9886-791E8486B89F,Budgeting Tool,location_ping,App -> AdNetwork_A -> DSP_Z -> DataBroker_Beta,True,False,Synthetic (Real Rails Demo)
2026-04-20T21:57:05Z,CEFB5407-505E-429C-AC48-B401E10D41B6,Budgeting Tool,ad_click,App -> Location_Monetizer -> HedgeFund_Data,True,False,Synthetic (Real Rails Demo)
2026-04-20T21:53:05Z,47920BF4-EF53-4CB9-95EB-DC94AF09879E,FitnessTracker Plus,app_open,App -> Internal Analytics,True,True,Synthetic (Real Rails Demo)
2026-04-20T21:34:05Z,47920BF4-EF53-4CB9-95EB-DC94AF09879E,FitnessTracker Plus,app_open,App -> Location_Monetizer -> HedgeFund_Data,True,False,Synthetic (Real Rails Demo)
2026-04-20T20:07:05Z,F4EB6C1A-D199-4D43-910B-D6254424BF09,WeatherApp Pro,ad_click,App -> Internal Analytics,True,True,Synthetic (Real Rails Demo)
2026-04-20T19:22:05Z,66183918-E26A-4373-BC4A-16794903FE00,Daily News Aggregator,ad_bid_request,App -> Location_Monetizer -> HedgeFund_Data,True,False,Synthetic (Real Rails Demo)
2026-04-20T18:01:05Z,1CCE7E01-0222-43FD-9886-791E8486B89F,Budgeting Tool,location_ping,App -> AdNetwork_A -> DSP_X -> DataBroker_Alpha,False,False,Synthetic (Real Rails Demo)
2026-04-20T17:41:05Z,F4EB6C1A-D199-4D43-910B-D6254424BF09,Casual Puzzle Game,ad_click,App -> AdNetwork_A -> DSP_Z -> DataBroker_Beta,True,True,Synthetic (Real Rails Demo)
2026-04-20T14:35:05Z,488DE9D2-55A7-4D46-A0B3-A15BA89613F6,Daily News Aggregator,app_open,App -> AdNetwork_A -> DSP_X -> DataBroker_Alpha,False,True,Synthetic (Real Rails Demo)
2026-04-20T13:54:05Z,2D884BB9-1526-4DF5-93A3-97322E67EE09,WeatherApp Pro,app_open,App -> Location_Monetizer -> HedgeFund_Data,True,False,Synthetic (Real Rails Demo)
2026-04-20T13:40:05Z,A35BA837-A793-48FF-9BCA-30CFDAD478C9,Budgeting Tool,app_open,App -> AdNetwork_B -> SSP_Y,True,False,Synthetic (Real Rails Demo)
2026-04-20T11:48:05Z,BFC84A68-E949-4D0E-879F-747F49A38B9D,Daily News Aggregator,app_open,App -> AdNetwork_B -> SSP_Y,True,True,Synthetic (Real Rails Demo)
2026-04-20T11:19:05Z,F4EB6C1A-D199-4D43-910B-D6254424BF09,Daily News Aggregator,location_ping,App -> AdNetwork_A -> DSP_X -> DataBroker_Alpha,False,True,Synthetic (Real Rails Demo)
2026-04-20T10:28:05Z,21A24674-5CCE-4785-AD47-98277BBA941D,Daily News Aggregator,background_sync,App -> AdNetwork_A -> DSP_X -> DataBroker_Alpha,True,True,Synthetic (Real Rails Demo)
2026-04-20T08:30:05Z,488DE9D2-55A7-4D46-A0B3-A15BA89613F6,Daily News Aggregator,background_sync,App -> AdNetwork_B -> SSP_Y,True,False,Synthetic (Real Rails Demo)
2026-04-20T07:04:05Z,A35BA837-A793-48FF-9BCA-30CFDAD478C9,FitnessTracker Plus,app_open,App -> Internal Analytics,False,False,Synthetic (Real Rails Demo)
2026-04-20T04:51:05Z,030932C8-D3C1-4E19-99AA-5CBD9D07EFAA,FitnessTracker Plus,location_ping,App -> AdNetwork_A -> DSP_X -> DataBroker_Alpha,True,True,Synthetic (Real Rails Demo)
2026-04-20T04:15:05Z,BFC84A68-E949-4D0E-879F-747F49A38B9D,Daily News Aggregator,location_ping,App -> AdNetwork_B -> SSP_Y,False,False,Synthetic (Real Rails Demo)
2026-04-20T01:33:05Z,44159B4A-BC09-4AD8-938D-7D099D4FFAED,FitnessTracker Plus,location_ping,App -> AdNetwork_B -> SSP_Y,False,True,Synthetic (Real Rails Demo)
2026-04-20T00:21:05Z,8EA04410-D5D8-4CBA-A46A-14B51D8A3973,Casual Puzzle Game,background_sync,App -> AdNetwork_B -> SSP_Y,True,False,Synthetic (Real Rails Demo)
2026-04-19T21:14:05Z,FA53A286-C763-4FAA-AE22-935231054623,WeatherApp Pro,background_sync,App -> Location_Monetizer -> HedgeFund_Data,False,False,Synthetic (Real Rails Demo)
2026-04-19T19:30:05Z,F8B68ED0-C187-4519-8EFE-BBB7291E7E47,Daily News Aggregator,ad_click,App -> Internal Analytics,False,False,Synthetic (Real Rails Demo)
2026-04-19T19:22:05Z,F4EB6C1A-D199-4D43-910B-D6254424BF09,Budgeting Tool,location_ping,App -> Location_Monetizer -> HedgeFund_Data,True,True,Synthetic (Real Rails Demo)
2026-04-19T17:33:05Z,0B428841-3680-44FE-AF16-01C760368393,Casual Puzzle Game,ad_bid_request,App -> AdNetwork_B -> SSP_Y,True,True,Synthetic (Real Rails Demo)
2026-04-19T16:27:05Z,0EB91F58-8931-497C-B47B-0570165FF7FB,WeatherApp Pro,background_sync,App -> AdNetwork_A -> DSP_X -> DataBroker_Alpha,True,True,Synthetic (Real Rails Demo)
2026-04-19T15:21:05Z,47920BF4-EF53-4CB9-95EB-DC94AF09879E,WeatherApp Pro,ad_bid_request,App -> Internal Analytics,True,False,Synthetic (Real Rails Demo)
2026-04-19T13:23:05Z,47920BF4-EF53-4CB9-95EB-DC94AF09879E,WeatherApp Pro,location_ping,App -> Internal Analytics,True,True,Synthetic (Real Rails Demo)
2026-04-19T12:21:05Z,0487C489-6D5E-4BAC-B5A6-ADE12994C0B5,Casual Puzzle Game,background_sync,App -> AdNetwork_A -> DSP_Z -> DataBroker_Beta,True,False,Synthetic (Real Rails Demo)
2026-04-19T10:34:05Z,BFC84A68-E949-4D0E-879F-747F49A38B9D,FitnessTracker Plus,location_ping,App -> Internal Analytics,True,False,Synthetic (Real Rails Demo)
2026-04-19T09:07:05Z,9417CBAD-8BBD-4727-A170-4C14B5DC707E,WeatherApp Pro,ad_click,App -> Location_Monetizer -> HedgeFund_Data,False,True,Synthetic (Real Rails Demo)
2026-04-19T08:41:05Z,F4EB6C1A-D199-4D43-910B-D6254424BF09,Casual Puzzle Game,background_sync,App -> Internal Analytics,True,False,Synthetic (Real Rails Demo)
2026-04-19T07:02:05Z,A35BA837-A793-48FF-9BCA-30CFDAD478C9,Casual Puzzle Game,background_sync,App -> Internal Analytics,True,False,Synthetic (Real Rails Demo)
2026-04-19T02:58:05Z,4E98FB13-F7D5-4CCB-A898-A5B7D87CB613,Budgeting Tool,ad_click,App -> AdNetwork_B -> SSP_Y,False,False,Synthetic (Real Rails Demo)
2026-04-19T02:00:05Z,E29A3EC2-2CEA-4650-8893-982DEBDD0A5A,WeatherApp Pro,ad_bid_request,App -> Internal Analytics,False,False,Synthetic (Real Rails Demo)
2026-04-19T01:33:05Z,1CCE7E01-0222-43FD-9886-791E8486B89F,FitnessTracker Plus,background_sync,App -> AdNetwork_A -> DSP_X -> DataBroker_Alpha,True,False,Synthetic (Real Rails Demo)
2026-04-19T00:43:05Z,47920BF4-EF53-4CB9-95EB-DC94AF09879E,Casual Puzzle Game,ad_bid_request,App -> AdNetwork_A -> DSP_X -> DataBroker_Alpha,True,True,Synthetic (Real Rails Demo)
2026-04-18T22:04:05Z,F7845380-3D3F-43B2-BC9F-B90700591F62,FitnessTracker Plus,app_open,App -> AdNetwork_A -> DSP_Z -> DataBroker_Beta,False,True,Synthetic (Real Rails Demo)
2026-04-18T21:18:05Z,DD8D2C9E-75A9-4B5A-B1A1-43459896ACAF,Budgeting Tool,background_sync,App -> AdNetwork_A -> DSP_X -> DataBroker_Alpha,True,False,Synthetic (Real Rails Demo)
2026-04-18T20:51:05Z,E29A3EC2-2CEA-4650-8893-982DEBDD0A5A,Casual Puzzle Game,ad_click,App -> Internal Analytics,True,True,Synthetic (Real Rails Demo)
2026-04-18T16:28:05Z,98D4FB43-54A1-4696-A973-B485F1572951,FitnessTracker Plus,location_ping,App -> Internal Analytics,True,False,Synthetic (Real Rails Demo)
2026-04-18T16:15:05Z,A35BA837-A793-48FF-9BCA-30CFDAD478C9,FitnessTracker Plus,ad_click,App -> AdNetwork_A -> DSP_X -> DataBroker_Alpha,False,False,Synthetic (Real Rails Demo)
2026-04-18T15:40:05Z,F9CBD5E4-0704-4142-9EF4-2923C10B9114,Casual Puzzle Game,ad_click,App -> AdNetwork_A -> DSP_X -> DataBroker_Alpha,True,False,Synthetic (Real Rails Demo)
2026-04-18T14:38:05Z,E20BA86F-E11F-44CD-8554-76B0AF35C81C,Budgeting Tool,ad_click,App -> AdNetwork_A -> DSP_Z -> DataBroker_Beta,False,False,Synthetic (Real Rails Demo)
2026-04-18T10:28:05Z,FC2D08C4-2D5F-479F-B51E-8234F19EAE9C,WeatherApp Pro,background_sync,App -> AdNetwork_A -> DSP_X -> DataBroker_Alpha,False,False,Synthetic (Real Rails Demo)
2026-04-18T07:34:05Z,BFC84A68-E949-4D0E-879F-747F49A38B9D,FitnessTracker Plus,app_open,App -> Location_Monetizer -> HedgeFund_Data,True,False,Synthetic (Real Rails Demo)
2026-04-18T03:36:05Z,A35BA837-A793-48FF-9BCA-30CFDAD478C9,Casual Puzzle Game,location_ping,App -> AdNetwork_A -> DSP_Z -> DataBroker_Beta,True,True,Synthetic (Real Rails Demo)
2026-04-18T02:29:05Z,E0CF7517-62D4-4EFC-890A-64CF7BA5CBDC,Casual Puzzle Game,app_open,App -> AdNetwork_A -> DSP_Z -> DataBroker_Beta,True,False,Synthetic (Real Rails Demo)
2026-04-18T01:59:05Z,2D884BB9-1526-4DF5-93A3-97322E67EE09,FitnessTracker Plus,app_open,App -> AdNetwork_A -> DSP_Z -> DataBroker_Beta,False,True,Synthetic (Real Rails Demo)
2026-04-18T01:43:05Z,2BF10E21-5B98-44C2-9806-29F3B15B7297,Budgeting Tool,ad_bid_request,App -> AdNetwork_A -> DSP_Z -> DataBroker_Beta,False,False,Synthetic (Real Rails Demo)
2026-04-18T01:00:05Z,FDD6D429-679B-415D-8871-CF060968BE77,FitnessTracker Plus,background_sync,App -> AdNetwork_A -> DSP_Z -> DataBroker_Beta,True,False,Synthetic (Real Rails Demo)
2026-04-17T23:12:05Z,A1678FE7-98D5-4641-878E-B613A823F403,FitnessTracker Plus,location_ping,App -> AdNetwork_B -> SSP_Y,False,True,Synthetic (Real Rails Demo)
2026-04-17T20:10:05Z,A1678FE7-98D5-4641-878E-B613A823F403,WeatherApp Pro,ad_bid_request,App -> AdNetwork_A -> DSP_X -> DataBroker_Alpha,True,False,Synthetic (Real Rails Demo)
2026-04-17T13:50:05Z,F4EB6C1A-D199-4D43-910B-D6254424BF09,FitnessTracker Plus,app_open,App -> AdNetwork_A -> DSP_Z -> DataBroker_Beta,True,True,Synthetic (Real Rails Demo)
2026-04-17T13:50:05Z,BFC84A68-E949-4D0E-879F-747F49A38B9D,Budgeting Tool,location_ping,App -> AdNetwork_A -> DSP_Z -> DataBroker_Beta,True,False,Synthetic (Real Rails Demo)
2026-04-17T12:24:05Z,A1678FE7-98D5-4641-878E-B613A823F403,FitnessTracker Plus,ad_click,App -> Internal Analytics,True,False,Synthetic (Real Rails Demo)
2026-04-17T11:59:05Z,FDD6D429-679B-415D-8871-CF060968BE77,Daily News Aggregator,app_open,App -> AdNetwork_A -> DSP_Z -> DataBroker_Beta,False,False,Synthetic (Real Rails Demo)
2026-04-17T08:15:05Z,F4EB6C1A-D199-4D43-910B-D6254424BF09,Budgeting Tool,background_sync,App -> Internal Analytics,True,True,Synthetic (Real Rails Demo)
2026-04-17T07:39:05Z,CD73AFBF-DD9B-4AD0-8D90-BC661C60DF6C,FitnessTracker Plus,background_sync,App -> AdNetwork_B -> SSP_Y,True,True,Synthetic (Real Rails Demo)
2026-04-17T05:28:05Z,A8DD0DF2-366C-4FC3-A8A4-AA16DD8ED234,WeatherApp Pro,app_open,App -> AdNetwork_A -> DSP_Z -> DataBroker_Beta,False,False,Synthetic (Real Rails Demo)
2026-04-17T04:23:05Z,FDD6D429-679B-415D-8871-CF060968BE77,Daily News Aggregator,background_sync,App -> AdNetwork_A -> DSP_X -> DataBroker_Alpha,True,False,Synthetic (Real Rails Demo)
2026-04-16T23:00:05Z,FDD6D429-679B-415D-8871-CF060968BE77,Budgeting Tool,app_open,App -> AdNetwork_A -> DSP_Z -> DataBroker_Beta,True,False,Synthetic (Real Rails Demo)
2026-04-16T22:07:05Z,47920BF4-EF53-4CB9-95EB-DC94AF09879E,Casual Puzzle Game,app_open,App -> Internal Analytics,True,False,Synthetic (Real Rails Demo)
2026-04-16T21:28:05Z,488DE9D2-55A7-4D46-A0B3-A15BA89613F6,Casual Puzzle Game,ad_click,App -> AdNetwork_A -> DSP_Z -> DataBroker_Beta,True,False,Synthetic (Real Rails Demo)
2026-04-16T21:10:05Z,F5506F6F-4807-4DF9-A503-4537F3337724,WeatherApp Pro,ad_bid_request,App -> AdNetwork_A -> DSP_X -> DataBroker_Alpha,False,False,Synthetic (Real Rails Demo)
2026-04-16T20:57:05Z,2CC56173-125B-4E21-9551-1492751A97B0,Casual Puzzle Game,ad_bid_request,App -> AdNetwork_A -> DSP_X -> DataBroker_Alpha,False,True,Synthetic (Real Rails Demo)
2026-04-16T19:31:05Z,BFC84A68-E949-4D0E-879F-747F49A38B9D,Casual Puzzle Game,background_sync,App -> AdNetwork_A -> DSP_X -> DataBroker_Alpha,True,True,Synthetic (Real Rails Demo)
2026-04-16T17:10:05Z,D7E615DC-E1E3-4C8D-B239-CA2AE19DF865,FitnessTracker Plus,location_ping,App -> AdNetwork_A -> DSP_X -> DataBroker_Alpha,True,True,Synthetic (Real Rails Demo)
2026-04-16T15:44:05Z,F4EB6C1A-D199-4D43-910B-D6254424BF09,Daily News Aggregator,background_sync,App -> Internal Analytics,True,False,Synthetic (Real Rails Demo)
2026-04-16T14:09:05Z,1CCE7E01-0222-43FD-9886-791E8486B89F,Casual Puzzle Game,ad_bid_request,App -> Internal Analytics,True,True,Synthetic (Real Rails Demo)
2026-04-16T13:34:05Z,F020EA17-1070-41DD-885C-93A5F352BDC3,Daily News Aggregator,ad_click,App -> AdNetwork_A -> DSP_Z -> DataBroker_Beta,True,False,Synthetic (Real Rails Demo)
2026-04-16T12:26:05Z,A35BA837-A793-48FF-9BCA-30CFDAD478C9,FitnessTracker Plus,ad_bid_request,App -> Internal Analytics,True,False,Synthetic (Real Rails Demo)
2026-04-16T12:04:05Z,1CCE7E01-0222-43FD-9886-791E8486B89F,WeatherApp Pro,background_sync,App -> AdNetwork_A -> DSP_X -> DataBroker_Alpha,True,True,Synthetic (Real Rails Demo)
2026-04-16T10:30:05Z,E29A3EC2-2CEA-4650-8893-982DEBDD0A5A,Daily News Aggregator,background_sync,App -> AdNetwork_B -> SSP_Y,True,False,Synthetic (Real Rails Demo)
2026-04-16T09:56:05Z,52FCEBF6-2A92-4E04-AFEF-E0F94291E31D,Casual Puzzle Game,background_sync,App -> Internal Analytics,True,False,Synthetic (Real Rails Demo)
2026-04-16T08:53:05Z,F4EB6C1A-D199-4D43-910B-D6254424BF09,WeatherApp Pro,ad_bid_request,App -> Internal Analytics,True,True,Synthetic (Real Rails Demo)
2026-04-16T08:27:05Z,E29A3EC2-2CEA-4650-8893-982DEBDD0A5A,FitnessTracker Plus,ad_bid_request,App -> Internal Analytics,True,False,Synthetic (Real Rails Demo)
2026-04-16T04:47:05Z,488DE9D2-55A7-4D46-A0B3-A15BA89613F6,FitnessTracker Plus,app_open,App -> AdNetwork_B -> SSP_Y,False,False,Synthetic (Real Rails Demo)
2026-04-16T04:44:05Z,A1678FE7-98D5-4641-878E-B613A823F403,Casual Puzzle Game,location_ping,App -> Internal Analytics,False,False,Synthetic (Real Rails Demo)
2026-04-16T03:42:05Z,2A663CDE-610B-4707-979A-AAEDC93A4F08,Casual Puzzle Game,location_ping,App -> Internal Analytics,True,False,Synthetic (Real Rails Demo)
2026-04-16T02:10:05Z,A1678FE7-98D5-4641-878E-B613A823F403,WeatherApp Pro,ad_bid_request,App -> AdNetwork_B -> SSP_Y,False,False,Synthetic (Real Rails Demo)
2026-04-15T23:42:05Z,A35BA837-A793-48FF-9BCA-30CFDAD478C9,WeatherApp Pro,app_open,App -> AdNetwork_B -> SSP_Y,False,True,Synthetic (Real Rails Demo)
2026-04-15T20:57:05Z,A1678FE7-98D5-4641-878E-B613A823F403,Budgeting Tool,location_ping,App -> AdNetwork_B -> SSP_Y,True,False,Synthetic (Real Rails Demo)
2026-04-15T20:08:05Z,ED82B656-54D1-4F93-982B-9302598024CB,Budgeting Tool,background_sync,App -> Internal Analytics,False,False,Synthetic (Real Rails Demo)
2026-04-15T19:56:05Z,A35BA837-A793-48FF-9BCA-30CFDAD478C9,Casual Puzzle Game,location_ping,App -> Internal Analytics,True,True,Synthetic (Real Rails Demo)
2026-04-15T18:26:05Z,686BF6C1-CAAD-412C-9EC9-751797EF2A93,Budgeting Tool,app_open,App -> AdNetwork_B -> SSP_Y,True,True,Synthetic (Real Rails Demo)
2026-04-15T18:09:05Z,A1678FE7-98D5-4641-878E-B613A823F403,Casual Puzzle Game,location_ping,App -> AdNetwork_A -> DSP_Z -> DataBroker_Beta,False,False,Synthetic (Real Rails Demo)
2026-04-15T16:50:05Z,E29A3EC2-2CEA-4650-8893-982DEBDD0A5A,FitnessTracker Plus,background_sync,App -> Location_Monetizer -> HedgeFund_Data,True,True,Synthetic (Real Rails Demo)
2026-04-15T16:45:05Z,B52BCA0E-A18B-452E-88F9-BD878978AF97,Budgeting Tool,location_ping,App -> Internal Analytics,True,False,Synthetic (Real Rails Demo)
2026-04-15T15:47:05Z,2D884BB9-1526-4DF5-93A3-97322E67EE09,FitnessTracker Plus,location_ping,App -> AdNetwork_A -> DSP_X -> DataBroker_Alpha,True,False,Synthetic (Real Rails Demo)
2026-04-15T15:45:05Z,F4EB6C1A-D199-4D43-910B-D6254424BF09,FitnessTracker Plus,ad_click,App -> Location_Monetizer -> HedgeFund_Data,True,False,Synthetic (Real Rails Demo)
2026-04-15T12:58:05Z,F4EB6C1A-D199-4D43-910B-D6254424BF09,Daily News Aggregator,app_open,App -> AdNetwork_A -> DSP_X -> DataBroker_Alpha,False,False,Synthetic (Real Rails Demo)
2026-04-15T11:51:05Z,BFC84A68-E949-4D0E-879F-747F49A38B9D,WeatherApp Pro,location_ping,App -> Location_Monetizer -> HedgeFund_Data,True,True,Synthetic (Real Rails Demo)
2026-04-15T11:40:05Z,488DE9D2-55A7-4D46-A0B3-A15BA89613F6,Casual Puzzle Game,location_ping,App -> Location_Monetizer -> HedgeFund_Data,True,False,Synthetic (Real Rails Demo)
2026-04-15T11:22:05Z,BFC84A68-E949-4D0E-879F-747F49A38B9D,Daily News Aggregator,app_open,App -> AdNetwork_A -> DSP_X -> DataBroker_Alpha,True,False,Synthetic (Real Rails Demo)
2026-04-15T10:48:05Z,2D884BB9-1526-4DF5-93A3-97322E67EE09,WeatherApp Pro,location_ping,App -> Location_Monetizer -> HedgeFund_Data,True,False,Synthetic (Real Rails Demo)
2026-04-15T10:33:05Z,02D9057A-89B5-4C36-8770-F47077412EA6,Casual Puzzle Game,background_sync,App -> Internal Analytics,True,False,Synthetic (Real Rails Demo)
2026-04-15T09:56:05Z,A1678FE7-98D5-4641-878E-B613A823F403,WeatherApp Pro,app_open,App -> AdNetwork_B -> SSP_Y,True,True,Synthetic (Real Rails Demo)
2026-04-15T09:02:05Z,2D884BB9-1526-4DF5-93A3-97322E67EE09,FitnessTracker Plus,app_open,App -> Location_Monetizer -> HedgeFund_Data,True,False,Synthetic (Real Rails Demo)
2026-04-15T09:01:05Z,F6CCC9CF-869D-4431-92E5-15136E321B5D,WeatherApp Pro,app_open,App -> Location_Monetizer -> HedgeFund_Data,True,False,Synthetic (Real Rails Demo)
2026-04-15T08:55:05Z,47920BF4-EF53-4CB9-95EB-DC94AF09879E,Budgeting Tool,ad_bid_request,App -> AdNetwork_B -> SSP_Y,False,True,Synthetic (Real Rails Demo)
2026-04-15T04:03:05Z,1CCE7E01-0222-43FD-9886-791E8486B89F,Casual Puzzle Game,location_ping,App -> AdNetwork_A -> DSP_X -> DataBroker_Alpha,False,False,Synthetic (Real Rails Demo)
2026-04-15T03:03:05Z,C4CD9D6D-9946-4B90-8B99-987F7BB8F0E9,WeatherApp Pro,app_open,App -> AdNetwork_A -> DSP_Z -> DataBroker_Beta,True,False,Synthetic (Real Rails Demo)
2026-04-15T00:28:05Z,1CCE7E01-0222-43FD-9886-791E8486B89F,Budgeting Tool,ad_click,App -> AdNetwork_A -> DSP_X -> DataBroker_Alpha,True,False,Synthetic (Real Rails Demo)
2026-04-14T23:22:05Z,BFC84A68-E949-4D0E-879F-747F49A38B9D,FitnessTracker Plus,ad_bid_request,App -> AdNetwork_A -> DSP_X -> DataBroker_Alpha,True,False,Synthetic (Real Rails Demo)
2026-04-14T20:55:05Z,488DE9D2-55A7-4D46-A0B3-A15BA89613F6,FitnessTracker Plus,background_sync,App -> Internal Analytics,True,False,Synthetic (Real Rails Demo)
2026-04-14T20:46:05Z,FDD6D429-679B-415D-8871-CF060968BE77,FitnessTracker Plus,ad_click,App -> Internal Analytics,True,False,Synthetic (Real Rails Demo)
2026-04-14T19:41:05Z,488DE9D2-55A7-4D46-A0B3-A15BA89613F6,Budgeting Tool,background_sync,App -> AdNetwork_A -> DSP_X -> DataBroker_Alpha,False,False,Synthetic (Real Rails Demo)
2026-04-14T17:37:05Z,A1678FE7-98D5-4641-878E-B613A823F403,Budgeting Tool,app_open,App -> Location_Monetizer -> HedgeFund_Data,True,True,Synthetic (Real Rails Demo)
2026-04-14T14:13:05Z,1CCE7E01-0222-43FD-9886-791E8486B89F,FitnessTracker Plus,ad_bid_request,App -> Internal Analytics,True,True,Synthetic (Real Rails Demo)
2026-04-14T12:54:05Z,BFC84A68-E949-4D0E-879F-747F49A38B9D,Casual Puzzle Game,location_ping,App -> AdNetwork_A -> DSP_X -> DataBroker_Alpha,False,True,Synthetic (Real Rails Demo)
2026-04-14T12:26:05Z,1CCE7E01-0222-43FD-9886-791E8486B89F,Daily News Aggregator,background_sync,App -> AdNetwork_A -> DSP_X -> DataBroker_Alpha,True,False,Synthetic (Real Rails Demo)
2026-04-14T11:18:05Z,EE695F7C-3385-4E6F-BB50-52038D633BBB,Budgeting Tool,app_open,App -> AdNetwork_A -> DSP_Z -> DataBroker_Beta,True,False,Synthetic (Real Rails Demo)
2026-04-14T10:54:05Z,E29A3EC2-2CEA-4650-8893-982DEBDD0A5A,Daily News Aggregator,ad_bid_request,App -> AdNetwork_B -> SSP_Y,False,False,Synthetic (Real Rails Demo)
2026-04-14T10:53:05Z,168A177D-8B7A-43E9-9169-6BF3725AA6E7,Budgeting Tool,location_ping,App -> AdNetwork_A -> DSP_X -> DataBroker_Alpha,True,False,Synthetic (Real Rails Demo)
2026-04-14T10:26:05Z,2D884BB9-1526-4DF5-93A3-97322E67EE09,WeatherApp Pro,background_sync,App -> AdNetwork_B -> SSP_Y,True,False,Synthetic (Real Rails Demo)
2026-04-14T07:53:05Z,8BC7C160-6726-4C6C-8C34-00495E12EDAD,Budgeting Tool,ad_click,App -> AdNetwork_B -> SSP_Y,True,False,Synthetic (Real Rails Demo)
2026-04-14T07:09:05Z,F4EB6C1A-D199-4D43-910B-D6254424BF09,Daily News Aggregator,ad_bid_request,App -> AdNetwork_A -> DSP_Z -> DataBroker_Beta,True,False,Synthetic (Real Rails Demo)
2026-04-14T04:34:05Z,70B1ACE9-03CA-4D0A-88A3-0FDC081F0527,Budgeting Tool,ad_click,App -> Internal Analytics,True,False,Synthetic (Real Rails Demo)
2026-04-14T03:49:05Z,1CCE7E01-0222-43FD-9886-791E8486B89F,FitnessTracker Plus,location_ping,App -> AdNetwork_A -> DSP_X -> DataBroker_Alpha,True,True,Synthetic (Real Rails Demo)
2026-04-14T03:19:05Z,F4EB6C1A-D199-4D43-910B-D6254424BF09,FitnessTracker Plus,location_ping,App -> AdNetwork_A -> DSP_Z -> DataBroker_Beta,True,False,Synthetic (Real Rails Demo)
2026-04-13T23:54:05Z,2D884BB9-1526-4DF5-93A3-97322E67EE09,Casual Puzzle Game,ad_click,App -> Location_Monetizer -> HedgeFund_Data,True,False,Synthetic (Real Rails Demo)
2026-04-13T20:25:05Z,A35BA837-A793-48FF-9BCA-30CFDAD478C9,WeatherApp Pro,location_ping,App -> Location_Monetizer -> HedgeFund_Data,True,False,Synthetic (Real Rails Demo)
2026-04-13T19:22:05Z,71BA476E-5776-44E6-8D53-BA85C3F49C53,Budgeting Tool,app_open,App -> Location_Monetizer -> HedgeFund_Data,True,False,Synthetic (Real Rails Demo)
2026-04-13T18:34:05Z,47920BF4-EF53-4CB9-95EB-DC94AF09879E,WeatherApp Pro,ad_bid_request,App -> Location_Monetizer -> HedgeFund_Data,False,False,Synthetic (Real Rails Demo)
2026-04-13T17:30:05Z,A35BA837-A793-48FF-9BCA-30CFDAD478C9,WeatherApp Pro,ad_click,App -> Internal Analytics,True,True,Synthetic (Real Rails Demo)
2026-04-13T15:50:05Z,BB10D66B-0127-47F9-A441-D37E7B88392F,FitnessTracker Plus,location_ping,App -> Internal Analytics,True,False,Synthetic (Real Rails Demo)
2026-04-13T15:23:05Z,7B359146-0453-498E-9E0A-90A05DB753B4,Budgeting Tool,location_ping,App -> AdNetwork_B -> SSP_Y,True,True,Synthetic (Real Rails Demo)
2026-04-13T12:39:05Z,E29A3EC2-2CEA-4650-8893-982DEBDD0A5A,FitnessTracker Plus,app_open,App -> AdNetwork_A -> DSP_Z -> DataBroker_Beta,True,False,Synthetic (Real Rails Demo)
2026-04-13T12:38:05Z,488DE9D2-55A7-4D46-A0B3-A15BA89613F6,Casual Puzzle Game,app_open,App -> Internal Analytics,True,False,Synthetic (Real Rails Demo)
2026-04-13T08:29:05Z,A1678FE7-98D5-4641-878E-B613A823F403,Daily News Aggregator,ad_click,App -> AdNetwork_B -> SSP_Y,True,False,Synthetic (Real Rails Demo)
2026-04-13T04:38:05Z,FDD6D429-679B-415D-8871-CF060968BE77,Daily News Aggregator,ad_bid_request,App -> AdNetwork_A -> DSP_X -> DataBroker_Alpha,True,False,Synthetic (Real Rails Demo)
2026-04-12T22:55:05Z,93C634D6-99B8-4341-AA22-F992126F83E8,Daily News Aggregator,background_sync,App -> AdNetwork_A -> DSP_Z -> DataBroker_Beta,True,True,Synthetic (Real Rails Demo)
2026-04-12T20:06:05Z,A4DCB9F0-E693-4817-A86A-E6490784F64E,Budgeting Tool,ad_click,App -> AdNetwork_B -> SSP_Y,True,False,Synthetic (Real Rails Demo)
2026-04-12T16:02:05Z,7BB1EADB-6FD1-4D3B-BDBB-E1A997E385E8,Budgeting Tool,background_sync,App -> Location_Monetizer -> HedgeFund_Data,False,True,Synthetic (Real Rails Demo)
2026-04-12T12:37:05Z,FDD6D429-679B-415D-8871-CF060968BE77,Daily News Aggregator,ad_bid_request,App -> Internal Analytics,False,False,Synthetic (Real Rails Demo)
2026-04-12T10:45:05Z,488DE9D2-55A7-4D46-A0B3-A15BA89613F6,WeatherApp Pro,ad_click,App -> Location_Monetizer -> HedgeFund_Data,True,False,Synthetic (Real Rails Demo)
2026-04-12T10:34:05Z,A35BA837-A793-48FF-9BCA-30CFDAD478C9,Casual Puzzle Game,background_sync,App -> Internal Analytics,False,True,Synthetic (Real Rails Demo)
2026-04-12T09:29:05Z,A35BA837-A793-48FF-9BCA-30CFDAD478C9,WeatherApp Pro,ad_click,App -> AdNetwork_B -> SSP_Y,True,False,Synthetic (Real Rails Demo)
2026-04-12T09:26:05Z,A1678FE7-98D5-4641-878E-B613A823F403,Budgeting Tool,ad_click,App -> Internal Analytics,True,False,Synthetic (Real Rails Demo)
2026-04-12T06:05:05Z,F4EB6C1A-D199-4D43-910B-D6254424BF09,Daily News Aggregator,ad_click,App -> AdNetwork_B -> SSP_Y,True,True,Synthetic (Real Rails Demo)
2026-04-12T04:20:05Z,E23284BA-25B0-4629-B346-67D182EB5824,Budgeting Tool,ad_bid_request,App -> Internal Analytics,True,False,Synthetic (Real Rails Demo)
2026-04-12T04:13:05Z,A35BA837-A793-48FF-9BCA-30CFDAD478C9,WeatherApp Pro,ad_bid_request,App -> AdNetwork_B -> SSP_Y,True,False,Synthetic (Real Rails Demo)
2026-04-12T04:03:05Z,47920BF4-EF53-4CB9-95EB-DC94AF09879E,Daily News Aggregator,ad_click,App -> Location_Monetizer -> HedgeFund_Data,False,False,Synthetic (Real Rails Demo)
2026-04-12T02:59:05Z,37F09762-D14F-41FB-A5B8-7D1036BBA5DB,WeatherApp Pro,background_sync,App -> AdNetwork_A -> DSP_X -> DataBroker_Alpha,False,True,Synthetic (Real Rails Demo)
2026-04-12T02:37:05Z,1CCE7E01-0222-43FD-9886-791E8486B89F,WeatherApp Pro,background_sync,App -> AdNetwork_B -> SSP_Y,True,False,Synthetic (Real Rails Demo)
2026-04-12T00:59:05Z,1CCE7E01-0222-43FD-9886-791E8486B89F,Budgeting Tool,app_open,App -> AdNetwork_B -> SSP_Y,True,False,Synthetic (Real Rails Demo)
2026-04-12T00:54:05Z,A35BA837-A793-48FF-9BCA-30CFDAD478C9,Casual Puzzle Game,ad_bid_request,App -> Internal Analytics,True,False,Synthetic (Real Rails Demo)
2026-04-12T00:30:05Z,488DE9D2-55A7-4D46-A0B3-A15BA89613F6,Budgeting Tool,app_open,App -> AdNetwork_A -> DSP_X -> DataBroker_Alpha,False,False,Synthetic (Real Rails Demo)
2026-04-11T21:12:05Z,A35BA837-A793-48FF-9BCA-30CFDAD478C9,Daily News Aggregator,ad_bid_request,App -> AdNetwork_A -> DSP_X -> DataBroker_Alpha,True,True,Synthetic (Real Rails Demo)
2026-04-11T20:06:05Z,2D884BB9-1526-4DF5-93A3-97322E67EE09,WeatherApp Pro,location_ping,App -> AdNetwork_B -> SSP_Y,False,True,Synthetic (Real Rails Demo)
2026-04-11T19:41:05Z,2D884BB9-1526-4DF5-93A3-97322E67EE09,Casual Puzzle Game,background_sync,App -> AdNetwork_A -> DSP_Z -> DataBroker_Beta,True,False,Synthetic (Real Rails Demo)
2026-04-11T18:35:05Z,BFC84A68-E949-4D0E-879F-747F49A38B9D,Daily News Aggregator,background_sync,App -> AdNetwork_A -> DSP_X -> DataBroker_Alpha,True,False,Synthetic (Real Rails Demo)
2026-04-11T17:50:05Z,3DEEED8F-A62C-433A-AFBD-3448F7BF523A,Casual Puzzle Game,app_open,App -> AdNetwork_B -> SSP_Y,False,False,Synthetic (Real Rails Demo)
2026-04-11T16:31:05Z,76D36216-E11D-4D09-92E2-79B1F0D0CDD9,FitnessTracker Plus,background_sync,App -> Internal Analytics,False,False,Synthetic (Real Rails Demo)
2026-04-11T16:27:05Z,13360CFA-01F2-49E3-8EAD-7CEC67D6EDD3,Budgeting Tool,app_open,App -> Location_Monetizer -> HedgeFund_Data,True,False,Synthetic (Real Rails Demo)
2026-04-11T14:27:05Z,EF5A16C2-1304-4A78-9C90-228A042BC7C2,Casual Puzzle Game,location_ping,App -> AdNetwork_A -> DSP_X -> DataBroker_Alpha,True,True,Synthetic (Real Rails Demo)
2026-04-11T12:20:05Z,8F2705C6-1F7A-4666-A027-F92E36F968DA,FitnessTracker Plus,ad_click,App -> Location_Monetizer -> HedgeFund_Data,False,False,Synthetic (Real Rails Demo)
2026-04-11T11:55:05Z,A35BA837-A793-48FF-9BCA-30CFDAD478C9,Budgeting Tool,ad_click,App -> Location_Monetizer -> HedgeFund_Data,False,False,Synthetic (Real Rails Demo)
2026-04-11T11:39:05Z,E29A3EC2-2CEA-4650-8893-982DEBDD0A5A,FitnessTracker Plus,app_open,App -> AdNetwork_A -> DSP_Z -> DataBroker_Beta,False,False,Synthetic (Real Rails Demo)
2026-04-11T10:40:05Z,FDD6D429-679B-415D-8871-CF060968BE77,Casual Puzzle Game,background_sync,App -> AdNetwork_A -> DSP_X -> DataBroker_Alpha,True,True,Synthetic (Real Rails Demo)
2026-04-11T03:39:05Z,FDD6D429-679B-415D-8871-CF060968BE77,Daily News Aggregator,ad_click,App -> Location_Monetizer -> HedgeFund_Data,True,True,Synthetic (Real Rails Demo)
2026-04-11T03:26:05Z,2D884BB9-1526-4DF5-93A3-97322E67EE09,Budgeting Tool,location_ping,App -> AdNetwork_B -> SSP_Y,True,False,Synthetic (Real Rails Demo)
2026-04-11T02:39:05Z,5537FF42-14C7-4B28-9192-4FD7EF2A4F88,Daily News Aggregator,location_ping,App -> AdNetwork_A -> DSP_X -> DataBroker_Alpha,True,True,Synthetic (Real Rails Demo)
2026-04-11T01:26:05Z,1CCE7E01-0222-43FD-9886-791E8486B89F,Daily News Aggregator,ad_click,App -> AdNetwork_A -> DSP_Z -> DataBroker_Beta,True,False,Synthetic (Real Rails Demo)
2026-04-11T00:20:05Z,2D884BB9-1526-4DF5-93A3-97322E67EE09,WeatherApp Pro,app_open,App -> Location_Monetizer -> HedgeFund_Data,False,False,Synthetic (Real Rails Demo)
2026-04-10T22:43:05Z,F4EB6C1A-D199-4D43-910B-D6254424BF09,WeatherApp Pro,location_ping,App -> AdNetwork_A -> DSP_X -> DataBroker_Alpha,True,False,Synthetic (Real Rails Demo)
2026-04-10T19:40:05Z,47920BF4-EF53-4CB9-95EB-DC94AF09879E,WeatherApp Pro,background_sync,App -> Internal Analytics,True,True,Synthetic (Real Rails Demo)
2026-04-10T18:00:05Z,6C4BF679-87C6-42EB-8DF3-E89C575581CD,WeatherApp Pro,background_sync,App -> AdNetwork_B -> SSP_Y,False,False,Synthetic (Real Rails Demo)
2026-04-10T16:46:05Z,F4EB6C1A-D199-4D43-910B-D6254424BF09,FitnessTracker Plus,background_sync,App -> AdNetwork_B -> SSP_Y,True,False,Synthetic (Real Rails Demo)
2026-04-10T16:22:05Z,BC2B81DE-42D9-4D60-A7D2-DDBA01882B97,WeatherApp Pro,location_ping,App -> AdNetwork_A -> DSP_Z -> DataBroker_Beta,False,False,Synthetic (Real Rails Demo)
2026-04-10T15:48:05Z,A35BA837-A793-48FF-9BCA-30CFDAD478C9,Casual Puzzle Game,ad_bid_request,App -> Location_Monetizer -> HedgeFund_Data,False,False,Synthetic (Real Rails Demo)
2026-04-10T14:10:05Z,A35BA837-A793-48FF-9BCA-30CFDAD478C9,FitnessTracker Plus,ad_bid_request,App -> AdNetwork_B -> SSP_Y,True,True,Synthetic (Real Rails Demo)
2026-04-10T14:08:05Z,E29A3EC2-2CEA-4650-8893-982DEBDD0A5A,Daily News Aggregator,ad_click,App -> Internal Analytics,True,False,Synthetic (Real Rails Demo)
2026-04-10T13:17:05Z,488DE9D2-55A7-4D46-A0B3-A15BA89613F6,Budgeting Tool,ad_bid_request,App -> AdNetwork_A -> DSP_Z -> DataBroker_Beta,True,False,Synthetic (Real Rails Demo)
2026-04-10T13:16:05Z,488DE9D2-55A7-4D46-A0B3-A15BA89613F6,Casual Puzzle Game,location_ping,App -> Internal Analytics,True,False,Synthetic (Real Rails Demo)
2026-04-10T13:05:05Z,93C13E33-4B60-4E04-B9DC-3D5301601AEB,Casual Puzzle Game,app_open,App -> Internal Analytics,False,False,Synthetic (Real Rails Demo)
2026-04-10T11:45:05Z,57D6D79C-477C-4737-815C-0C97EDC103C2,FitnessTracker Plus,ad_click,App -> Internal Analytics,False,True,Synthetic (Real Rails Demo)
2026-04-10T11:08:05Z,1CCE7E01-0222-43FD-9886-791E8486B89F,Budgeting Tool,app_open,App -> AdNetwork_A -> DSP_X -> DataBroker_Alpha,True,False,Synthetic (Real Rails Demo)
2026-04-10T10:07:05Z,488DE9D2-55A7-4D46-A0B3-A15BA89613F6,WeatherApp Pro,app_open,App -> AdNetwork_B -> SSP_Y,True,False,Synthetic (Real Rails Demo)
2026-04-10T09:57:05Z,85816E08-D290-4F5F-9239-B75E269B9D84,FitnessTracker Plus,background_sync,App -> AdNetwork_A -> DSP_Z -> DataBroker_Beta,True,False,Synthetic (Real Rails Demo)
2026-04-10T09:34:05Z,A35BA837-A793-48FF-9BCA-30CFDAD478C9,Casual Puzzle Game,location_ping,App -> Internal Analytics,False,True,Synthetic (Real Rails Demo)
2026-04-10T07:46:05Z,24FB931F-2853-4DE7-9234-D3A32E826814,WeatherApp Pro,location_ping,App -> AdNetwork_B -> SSP_Y,False,False,Synthetic (Real Rails Demo)
2026-04-10T07:13:05Z,F4EB6C1A-D199-4D43-910B-D6254424BF09,Budgeting Tool,location_ping,App -> AdNetwork_B -> SSP_Y,False,False,Synthetic (Real Rails Demo)
2026-04-10T06:48:05Z,47920BF4-EF53-4CB9-95EB-DC94AF09879E,FitnessTracker Plus,app_open,App -> Location_Monetizer -> HedgeFund_Data,False,False,Synthetic (Real Rails Demo)
2026-04-10T04:23:05Z,E29A3EC2-2CEA-4650-8893-982DEBDD0A5A,Casual Puzzle Game,location_ping,App -> AdNetwork_A -> DSP_X -> DataBroker_Alpha,True,True,Synthetic (Real Rails Demo)
2026-04-10T02:58:05Z,1CCE7E01-0222-43FD-9886-791E8486B89F,WeatherApp Pro,ad_click,App -> AdNetwork_B -> SSP_Y,True,True,Synthetic (Real Rails Demo)
2026-04-10T01:37:05Z,E0CF235B-C093-4D72-B79F-E1C379D7E52A,Casual Puzzle Game,app_open,App -> AdNetwork_A -> DSP_X -> DataBroker_Alpha,True,False,Synthetic (Real Rails Demo)
2026-04-10T00:39:05Z,FDD6D429-679B-415D-8871-CF060968BE77,FitnessTracker Plus,ad_click,App -> AdNetwork_B -> SSP_Y,False,True,Synthetic (Real Rails Demo)
2026-04-10T00:35:05Z,947F7585-AD21-4CBE-888D-4C974C416832,Budgeting Tool,ad_bid_request,App -> AdNetwork_A -> DSP_Z -> DataBroker_Beta,True,False,Synthetic (Real Rails Demo)
2026-04-09T22:35:05Z,BFC84A68-E949-4D0E-879F-747F49A38B9D,FitnessTracker Plus,location_ping,App -> AdNetwork_B -> SSP_Y,True,False,Synthetic (Real Rails Demo)
2026-04-09T15:05:05Z,AFD90201-C235-4EDA-AF91-53686F18D1AA,Daily News Aggregator,background_sync,App -> AdNetwork_B -> SSP_Y,True,False,Synthetic (Real Rails Demo)
2026-04-09T14:11:05Z,E29A3EC2-2CEA-4650-8893-982DEBDD0A5A,FitnessTracker Plus,ad_bid_request,App -> Internal Analytics,True,True,Synthetic (Real Rails Demo)
2026-04-09T12:01:05Z,488DE9D2-55A7-4D46-A0B3-A15BA89613F6,Budgeting Tool,ad_bid_request,App -> AdNetwork_A -> DSP_X -> DataBroker_Alpha,True,True,Synthetic (Real Rails Demo)
2026-04-09T10:39:05Z,FDD6D429-679B-415D-8871-CF060968BE77,FitnessTracker Plus,app_open,App -> AdNetwork_A -> DSP_X -> DataBroker_Alpha,False,True,Synthetic (Real Rails Demo)
2026-04-09T06:03:05Z,BFC84A68-E949-4D0E-879F-747F49A38B9D,Budgeting Tool,ad_click,App -> Internal Analytics,False,False,Synthetic (Real Rails Demo)
2026-04-09T05:38:05Z,C99572DE-CB56-47DB-AA75-5783F1B441F6,WeatherApp Pro,ad_bid_request,App -> Location_Monetizer -> HedgeFund_Data,True,False,Synthetic (Real Rails Demo)
2026-04-09T04:52:05Z,25BD9628-C858-4DFC-96C5-CB718B94F4A9,Budgeting Tool,ad_click,App -> AdNetwork_A -> DSP_Z -> DataBroker_Beta,False,True,Synthetic (Real Rails Demo)
2026-04-09T04:46:05Z,F4EB6C1A-D199-4D43-910B-D6254424BF09,Budgeting Tool,app_open,App -> AdNetwork_A -> DSP_Z -> DataBroker_Beta,False,False,Synthetic (Real Rails Demo)
2026-04-09T04:19:05Z,F017BEDE-1131-49CB-913B-BD1BAC798661,Daily News Aggregator,background_sync,App -> Location_Monetizer -> HedgeFund_Data,True,False,Synthetic (Real Rails Demo)
2026-04-09T03:04:05Z,BFC84A68-E949-4D0E-879F-747F49A38B9D,WeatherApp Pro,background_sync,App -> AdNetwork_A -> DSP_Z -> DataBroker_Beta,False,True,Synthetic (Real Rails Demo)
2026-04-09T00:57:05Z,F4EB6C1A-D199-4D43-910B-D6254424BF09,Casual Puzzle Game,background_sync,App -> AdNetwork_B -> SSP_Y,False,False,Synthetic (Real Rails Demo)
2026-04-08T23:15:05Z,1CCE7E01-0222-43FD-9886-791E8486B89F,Casual Puzzle Game,ad_click,App -> Location_Monetizer -> HedgeFund_Data,True,True,Synthetic (Real Rails Demo)
2026-04-08T23:02:05Z,488DE9D2-55A7-4D46-A0B3-A15BA89613F6,Casual Puzzle Game,ad_bid_request,App -> Location_Monetizer -> HedgeFund_Data,True,True,Synthetic (Real Rails Demo)
2026-04-08T21:15:05Z,A35BA837-A793-48FF-9BCA-30CFDAD478C9,Casual Puzzle Game,app_open,App -> AdNetwork_A -> DSP_X -> DataBroker_Alpha,True,True,Synthetic (Real Rails Demo)
2026-04-08T20:52:05Z,E29A3EC2-2CEA-4650-8893-982DEBDD0A5A,WeatherApp Pro,location_ping,App -> AdNetwork_A -> DSP_X -> DataBroker_Alpha,True,False,Synthetic (Real Rails Demo)
2026-04-08T13:59:05Z,A35BA837-A793-48FF-9BCA-30CFDAD478C9,Casual Puzzle Game,background_sync,App -> Internal Analytics,False,True,Synthetic (Real Rails Demo)
2026-04-08T13:45:05Z,28137725-53B3-4394-AD21-1574FC2E29E0,WeatherApp Pro,ad_click,App -> AdNetwork_B -> SSP_Y,True,False,Synthetic (Real Rails Demo)
2026-04-08T12:39:05Z,1CCE7E01-0222-43FD-9886-791E8486B89F,FitnessTracker Plus,ad_bid_request,App -> Internal Analytics,False,False,Synthetic (Real Rails Demo)
2026-04-08T12:33:05Z,1CCE7E01-0222-43FD-9886-791E8486B89F,Casual Puzzle Game,background_sync,App -> Internal Analytics,True,False,Synthetic (Real Rails Demo)
2026-04-08T10:25:05Z,7288065A-F24C-4F7C-AFFF-B0A36D3183C4,Budgeting Tool,background_sync,App -> AdNetwork_A -> DSP_Z -> DataBroker_Beta,False,False,Synthetic (Real Rails Demo)
2026-04-08T10:10:05Z,C0CC2FF9-844F-4032-B1E1-8D02638D9363,Daily News Aggregator,location_ping,App -> Location_Monetizer -> HedgeFund_Data,True,False,Synthetic (Real Rails Demo)
2026-04-08T09:47:05Z,1CCE7E01-0222-43FD-9886-791E8486B89F,Daily News Aggregator,background_sync,App -> AdNetwork_B -> SSP_Y,False,True,Synthetic (Real Rails Demo)
2026-04-08T09:37:05Z,A1678FE7-98D5-4641-878E-B613A823F403,FitnessTracker Plus,ad_click,App -> AdNetwork_B -> SSP_Y,True,False,Synthetic (Real Rails Demo)
2026-04-08T08:26:05Z,1CCE7E01-0222-43FD-9886-791E8486B89F,Daily News Aggregator,ad_click,App -> AdNetwork_B -> SSP_Y,True,False,Synthetic (Real Rails Demo)
2026-04-08T06:50:05Z,488DE9D2-55A7-4D46-A0B3-A15BA89613F6,Casual Puzzle Game,ad_click,App -> AdNetwork_A -> DSP_Z -> DataBroker_Beta,True,False,Synthetic (Real Rails Demo)
2026-04-08T06:25:05Z,F4EB6C1A-D199-4D43-910B-D6254424BF09,Daily News Aggregator,ad_bid_request,App -> Internal Analytics,False,False,Synthetic (Real Rails Demo)
2026-04-08T06:01:05Z,BFC84A68-E949-4D0E-879F-747F49A38B9D,FitnessTracker Plus,app_open,App -> AdNetwork_A -> DSP_X -> DataBroker_Alpha,False,True,Synthetic (Real Rails Demo)
2026-04-08T05:42:05Z,FDD6D429-679B-415D-8871-CF060968BE77,FitnessTracker Plus,ad_click,App -> Internal Analytics,True,False,Synthetic (Real Rails Demo)
2026-04-08T05:32:05Z,2EDE11C1-A6A9-447F-A90E-8ACD0ED1E692,Daily News Aggregator,location_ping,App -> AdNetwork_A -> DSP_Z -> DataBroker_Beta,True,True,Synthetic (Real Rails Demo)
2026-04-08T02:23:05Z,1A77A532-DE97-4F96-9663-6259D80ABD86,Budgeting Tool,ad_bid_request,App -> AdNetwork_B -> SSP_Y,True,False,Synthetic (Real Rails Demo)
2026-04-07T22:28:05Z,87B192B9-8608-444F-8765-2F165A5D1738,Daily News Aggregator,app_open,App -> AdNetwork_A -> DSP_Z -> DataBroker_Beta,True,True,Synthetic (Real Rails Demo)
2026-04-07T20:12:05Z,488DE9D2-55A7-4D46-A0B3-A15BA89613F6,Casual Puzzle Game,app_open,App -> AdNetwork_A -> DSP_Z -> DataBroker_Beta,True,True,Synthetic (Real Rails Demo)
2026-04-07T11:03:05Z,57D2F473-78B9-4B1C-B8EE-97CEE8A38A58,Budgeting Tool,app_open,App -> Location_Monetizer -> HedgeFund_Data,True,False,Synthetic (Real Rails Demo)
2026-04-07T10:19:05Z,A35BA837-A793-48FF-9BCA-30CFDAD478C9,FitnessTracker Plus,ad_click,App -> AdNetwork_A -> DSP_X -> DataBroker_Alpha,False,False,Synthetic (Real Rails Demo)
2026-04-07T08:26:05Z,488DE9D2-55A7-4D46-A0B3-A15BA89613F6,Casual Puzzle Game,ad_bid_request,App -> AdNetwork_B -> SSP_Y,False,False,Synthetic (Real Rails Demo)
2026-04-07T06:25:05Z,2A79AB23-936C-4650-A91F-0C7FC79A129A,Casual Puzzle Game,ad_click,App -> Internal Analytics,False,False,Synthetic (Real Rails Demo)
2026-04-07T05:30:05Z,E29A3EC2-2CEA-4650-8893-982DEBDD0A5A,Budgeting Tool,ad_bid_request,App -> Location_Monetizer -> HedgeFund_Data,True,False,Synthetic (Real Rails Demo)
2026-04-07T03:06:05Z,E29A3EC2-2CEA-4650-8893-982DEBDD0A5A,Budgeting Tool,ad_click,App -> AdNetwork_A -> DSP_Z -> DataBroker_Beta,True,False,Synthetic (Real Rails Demo)
2026-04-07T02:15:05Z,E29A3EC2-2CEA-4650-8893-982DEBDD0A5A,FitnessTracker Plus,app_open,App -> AdNetwork_A -> DSP_X -> DataBroker_Alpha,True,True,Synthetic (Real Rails Demo)
2026-04-07T00:28:05Z,E08B3279-187B-4C9F-AADD-45E71BA11F2C,WeatherApp Pro,ad_click,App -> AdNetwork_B -> SSP_Y,False,True,Synthetic (Real Rails Demo)
2026-04-06T23:46:05Z,FDD6D429-679B-415D-8871-CF060968BE77,FitnessTracker Plus,app_open,App -> Location_Monetizer -> HedgeFund_Data,True,True,Synthetic (Real Rails Demo)
2026-04-06T23:19:05Z,488DE9D2-55A7-4D46-A0B3-A15BA89613F6,FitnessTracker Plus,app_open,App -> AdNetwork_A -> DSP_Z -> DataBroker_Beta,True,False,Synthetic (Real Rails Demo)
2026-04-06T20:05:05Z,488DE9D2-55A7-4D46-A0B3-A15BA89613F6,Daily News Aggregator,app_open,App -> AdNetwork_B -> SSP_Y,True,True,Synthetic (Real Rails Demo)
2026-04-06T18:21:05Z,E29A3EC2-2CEA-4650-8893-982DEBDD0A5A,Budgeting Tool,ad_bid_request,App -> AdNetwork_A -> DSP_Z -> DataBroker_Beta,True,False,Synthetic (Real Rails Demo)
2026-04-06T17:34:05Z,A35BA837-A793-48FF-9BCA-30CFDAD478C9,WeatherApp Pro,app_open,App -> Internal Analytics,False,False,Synthetic (Real Rails Demo)
2026-04-06T17:32:05Z,47920BF4-EF53-4CB9-95EB-DC94AF09879E,Casual Puzzle Game,ad_bid_request,App -> AdNetwork_A -> DSP_Z -> DataBroker_Beta,False,True,Synthetic (Real Rails Demo)
2026-04-06T14:27:05Z,2D884BB9-1526-4DF5-93A3-97322E67EE09,Casual Puzzle Game,background_sync,App -> Location_Monetizer -> HedgeFund_Data,False,False,Synthetic (Real Rails Demo)
2026-04-06T11:04:05Z,FDD6D429-679B-415D-8871-CF060968BE77,Daily News Aggregator,ad_click,App -> Location_Monetizer -> HedgeFund_Data,False,False,Synthetic (Real Rails Demo)
2026-04-06T06:26:05Z,A35BA837-A793-48FF-9BCA-30CFDAD478C9,Budgeting Tool,app_open,App -> Internal Analytics,True,False,Synthetic (Real Rails Demo)
2026-04-06T05:16:05Z,BFC84A68-E949-4D0E-879F-747F49A38B9D,FitnessTracker Plus,background_sync,App -> AdNetwork_A -> DSP_X -> DataBroker_Alpha,False,False,Synthetic (Real Rails Demo)
2026-04-06T02:46:05Z,2D884BB9-1526-4DF5-93A3-97322E67EE09,FitnessTracker Plus,ad_bid_request,App -> Location_Monetizer -> HedgeFund_Data,True,True,Synthetic (Real Rails Demo)
2026-04-06T02:31:05Z,FDD6D429-679B-415D-8871-CF060968BE77,Casual Puzzle Game,ad_bid_request,App -> Location_Monetizer -> HedgeFund_Data,True,True,Synthetic (Real Rails Demo)
2026-04-06T00:24:05Z,1CCE7E01-0222-43FD-9886-791E8486B89F,WeatherApp Pro,app_open,App -> Location_Monetizer -> HedgeFund_Data,True,True,Synthetic (Real Rails Demo)
2026-04-05T22:49:05Z,A1678FE7-98D5-4641-878E-B613A823F403,FitnessTracker Plus,ad_click,App -> AdNetwork_A -> DSP_X -> DataBroker_Alpha,False,True,Synthetic (Real Rails Demo)
2026-04-05T20:14:05Z,488DE9D2-55A7-4D46-A0B3-A15BA89613F6,Casual Puzzle Game,ad_bid_request,App -> AdNetwork_A -> DSP_X -> DataBroker_Alpha,True,False,Synthetic (Real Rails Demo)
2026-04-05T17:18:05Z,16CBA3F2-14C8-46BA-94FC-8C1551EA262B,Daily News Aggregator,app_open,App -> AdNetwork_A -> DSP_X -> DataBroker_Alpha,True,False,Synthetic (Real Rails Demo)
2026-04-05T16:11:05Z,A1678FE7-98D5-4641-878E-B613A823F403,Casual Puzzle Game,ad_click,App -> AdNetwork_B -> SSP_Y,False,False,Synthetic (Real Rails Demo)
2026-04-05T15:27:05Z,A35BA837-A793-48FF-9BCA-30CFDAD478C9,Daily News Aggregator,ad_bid_request,App -> AdNetwork_B -> SSP_Y,True,True,Synthetic (Real Rails Demo)
2026-04-05T15:00:05Z,BFC84A68-E949-4D0E-879F-747F49A38B9D,Budgeting Tool,ad_bid_request,App -> Internal Analytics,False,False,Synthetic (Real Rails Demo)
2026-04-05T13:20:05Z,F3DAFA86-9909-497F-8243-CCAB2A3D03F7,FitnessTracker Plus,background_sync,App -> AdNetwork_B -> SSP_Y,True,True,Synthetic (Real Rails Demo)
2026-04-05T12:43:05Z,BFC84A68-E949-4D0E-879F-747F49A38B9D,Budgeting Tool,location_ping,App -> Location_Monetizer -> HedgeFund_Data,True,True,Synthetic (Real Rails Demo)
2026-04-05T11:01:05Z,E29A3EC2-2CEA-4650-8893-982DEBDD0A5A,Daily News Aggregator,location_ping,App -> AdNetwork_B -> SSP_Y,True,False,Synthetic (Real Rails Demo)
2026-04-05T10:58:05Z,0B64D35E-C1F5-4437-AB62-E8E56A488172,Casual Puzzle Game,background_sync,App -> Internal Analytics,True,False,Synthetic (Real Rails Demo)
2026-04-05T10:49:05Z,488DE9D2-55A7-4D46-A0B3-A15BA89613F6,Budgeting Tool,ad_click,App -> AdNetwork_B -> SSP_Y,True,True,Synthetic (Real Rails Demo)
2026-04-05T07:54:05Z,FDD6D429-679B-415D-8871-CF060968BE77,FitnessTracker Plus,ad_bid_request,App -> Internal Analytics,True,False,Synthetic (Real Rails Demo)
2026-04-05T07:22:05Z,4790A5B3-6914-4A58-B259-2EF62365AEDD,FitnessTracker Plus,background_sync,App -> AdNetwork_A -> DSP_X -> DataBroker_Alpha,True,True,Synthetic (Real Rails Demo)
2026-04-05T06:50:05Z,F4EB6C1A-D199-4D43-910B-D6254424BF09,Budgeting Tool,ad_bid_request,App -> AdNetwork_A -> DSP_X -> DataBroker_Alpha,True,False,Synthetic (Real Rails Demo)
2026-04-05T05:31:05Z,2D884BB9-1526-4DF5-93A3-97322E67EE09,WeatherApp Pro,ad_bid_request,App -> Location_Monetizer -> HedgeFund_Data,False,False,Synthetic (Real Rails Demo)
2026-04-05T04:38:05Z,FDD6D429-679B-415D-8871-CF060968BE77,Casual Puzzle Game,location_ping,App -> AdNetwork_A -> DSP_X -> DataBroker_Alpha,True,False,Synthetic (Real Rails Demo)
2026-04-05T03:20:05Z,1CCE7E01-0222-43FD-9886-791E8486B89F,Casual Puzzle Game,location_ping,App -> AdNetwork_A -> DSP_Z -> DataBroker_Beta,False,False,Synthetic (Real Rails Demo)
2026-04-05T02:09:05Z,488DE9D2-55A7-4D46-A0B3-A15BA89613F6,Casual Puzzle Game,ad_bid_request,App -> AdNetwork_B -> SSP_Y,True,False,Synthetic (Real Rails Demo)
2026-04-05T00:26:05Z,EBD98628-DC5D-409B-960E-E7B09451C488,Casual Puzzle Game,background_sync,App -> AdNetwork_A -> DSP_Z -> DataBroker_Beta,True,False,Synthetic (Real Rails Demo)
2026-04-04T23:29:05Z,47920BF4-EF53-4CB9-95EB-DC94AF09879E,Budgeting Tool,ad_click,App -> AdNetwork_A -> DSP_X -> DataBroker_Alpha,True,True,Synthetic (Real Rails Demo)
2026-04-04T19:56:05Z,42B525D5-86A1-4100-850D-AEF0FB9A19EA,Budgeting Tool,ad_click,App -> Location_Monetizer -> HedgeFund_Data,True,True,Synthetic (Real Rails Demo)
2026-04-04T18:56:05Z,13734460-4F76-49FF-AB2D-64995848C5DB,Casual Puzzle Game,app_open,App -> AdNetwork_A -> DSP_X -> DataBroker_Alpha,False,True,Synthetic (Real Rails Demo)
2026-04-04T18:54:05Z,488DE9D2-55A7-4D46-A0B3-A15BA89613F6,FitnessTracker Plus,app_open,App -> AdNetwork_A -> DSP_Z -> DataBroker_Beta,True,True,Synthetic (Real Rails Demo)
2026-04-04T18:28:05Z,FDD6D429-679B-415D-8871-CF060968BE77,Daily News Aggregator,app_open,App -> Location_Monetizer -> HedgeFund_Data,True,False,Synthetic (Real Rails Demo)
2026-04-04T17:51:05Z,488DE9D2-55A7-4D46-A0B3-A15BA89613F6,WeatherApp Pro,ad_click,App -> Location_Monetizer -> HedgeFund_Data,True,False,Synthetic (Real Rails Demo)
2026-04-04T17:33:05Z,E29A3EC2-2CEA-4650-8893-982DEBDD0A5A,FitnessTracker Plus,location_ping,App -> Internal Analytics,True,True,Synthetic (Real Rails Demo)
2026-04-04T16:53:05Z,56D41FD7-0B08-4CDC-B57B-9E12C8BF987C,Budgeting Tool,location_ping,App -> Location_Monetizer -> HedgeFund_Data,True,False,Synthetic (Real Rails Demo)
2026-04-04T13:57:05Z,7CEFD245-63EF-43BF-A847-BE2461202DE5,FitnessTracker Plus,ad_click,App -> Location_Monetizer -> HedgeFund_Data,False,False,Synthetic (Real Rails Demo)
2026-04-04T12:52:05Z,2D884BB9-1526-4DF5-93A3-97322E67EE09,Daily News Aggregator,background_sync,App -> Internal Analytics,True,False,Synthetic (Real Rails Demo)
2026-04-04T12:06:05Z,BFC84A68-E949-4D0E-879F-747F49A38B9D,Daily News Aggregator,ad_click,App -> AdNetwork_A -> DSP_Z -> DataBroker_Beta,True,True,Synthetic (Real Rails Demo)
2026-04-04T10:27:05Z,BFC84A68-E949-4D0E-879F-747F49A38B9D,FitnessTracker Plus,location_ping,App -> AdNetwork_A -> DSP_X -> DataBroker_Alpha,True,True,Synthetic (Real Rails Demo)
2026-04-04T06:20:05Z,4AF8D77F-D39F-48F7-B88F-40355537F44C,WeatherApp Pro,background_sync,App -> Location_Monetizer -> HedgeFund_Data,True,True,Synthetic (Real Rails Demo)
2026-04-04T06:15:05Z,FDD6D429-679B-415D-8871-CF060968BE77,Budgeting Tool,app_open,App -> AdNetwork_B -> SSP_Y,True,True,Synthetic (Real Rails Demo)
2026-04-04T06:07:05Z,4163CE34-4000-4905-95FB-05F6B7B6215A,Casual Puzzle Game,ad_click,App -> Internal Analytics,True,True,Synthetic (Real Rails Demo)
2026-04-04T02:49:05Z,A1678FE7-98D5-4641-878E-B613A823F403,Casual Puzzle Game,background_sync,App -> AdNetwork_A -> DSP_X -> DataBroker_Alpha,False,False,Synthetic (Real Rails Demo)
2026-04-04T01:29:05Z,488DE9D2-55A7-4D46-A0B3-A15BA89613F6,Budgeting Tool,ad_bid_request,App -> AdNetwork_A -> DSP_X -> DataBroker_Alpha,True,False,Synthetic (Real Rails Demo)
2026-04-04T00:52:05Z,A35BA837-A793-48FF-9BCA-30CFDAD478C9,Budgeting Tool,location_ping,App -> Internal Analytics,True,False,Synthetic (Real Rails Demo)
2026-04-03T22:25:05Z,8FD36C81-FEDE-4F03-A6F8-BA7A97F4CCA7,FitnessTracker Plus,ad_click,App -> AdNetwork_A -> DSP_X -> DataBroker_Alpha,True,True,Synthetic (Real Rails Demo)
2026-04-03T20:37:05Z,1CCE7E01-0222-43FD-9886-791E8486B89F,Daily News Aggregator,background_sync,App -> Location_Monetizer -> HedgeFund_Data,True,True,Synthetic (Real Rails Demo)
2026-04-03T19:28:05Z,FDD6D429-679B-415D-8871-CF060968BE77,Casual Puzzle Game,app_open,App -> Location_Monetizer -> HedgeFund_Data,True,False,Synthetic (Real Rails Demo)
2026-04-03T18:49:05Z,E29A3EC2-2CEA-4650-8893-982DEBDD0A5A,Budgeting Tool,ad_bid_request,App -> Internal Analytics,True,True,Synthetic (Real Rails Demo)
2026-04-03T17:16:05Z,A1678FE7-98D5-4641-878E-B613A823F403,WeatherApp Pro,location_ping,App -> Internal Analytics,True,False,Synthetic (Real Rails Demo)
2026-04-03T15:48:05Z,A1678FE7-98D5-4641-878E-B613A823F403,Casual Puzzle Game,background_sync,App -> AdNetwork_A -> DSP_Z -> DataBroker_Beta,True,False,Synthetic (Real Rails Demo)
2026-04-03T15:01:05Z,BFC84A68-E949-4D0E-879F-747F49A38B9D,WeatherApp Pro,ad_click,App -> Location_Monetizer -> HedgeFund_Data,False,False,Synthetic (Real Rails Demo)
2026-04-03T14:29:05Z,A35BA837-A793-48FF-9BCA-30CFDAD478C9,Budgeting Tool,ad_bid_request,App -> Internal Analytics,True,False,Synthetic (Real Rails Demo)
2026-04-03T12:36:05Z,BFC84A68-E949-4D0E-879F-747F49A38B9D,FitnessTracker Plus,background_sync,App -> AdNetwork_A -> DSP_X -> DataBroker_Alpha,True,False,Synthetic (Real Rails Demo)
2026-04-03T11:20:05Z,2D884BB9-1526-4DF5-93A3-97322E67EE09,FitnessTracker Plus,ad_click,App -> Internal Analytics,True,True,Synthetic (Real Rails Demo)
2026-04-03T11:05:05Z,4CC44A22-D193-421A-BD2E-093B165D4EA9,FitnessTracker Plus,background_sync,App -> Location_Monetizer -> HedgeFund_Data,True,False,Synthetic (Real Rails Demo)
2026-04-03T10:22:05Z,A35BA837-A793-48FF-9BCA-30CFDAD478C9,Daily News Aggregator,app_open,App -> Internal Analytics,True,True,Synthetic (Real Rails Demo)
2026-04-03T09:50:05Z,5B5872C9-33F9-4E86-9046-3EBD60B718AE,FitnessTracker Plus,ad_click,App -> AdNetwork_B -> SSP_Y,True,True,Synthetic (Real Rails Demo)
2026-04-03T06:14:05Z,1CCE7E01-0222-43FD-9886-791E8486B89F,Daily News Aggregator,app_open,App -> Internal Analytics,True,False,Synthetic (Real Rails Demo)
2026-04-03T04:49:05Z,BD7B4BCE-0A7C-4F85-8B13-78825716A933,FitnessTracker Plus,ad_click,App -> AdNetwork_A -> DSP_Z -> DataBroker_Beta,False,False,Synthetic (Real Rails Demo)
2026-04-03T03:22:05Z,FDD6D429-679B-415D-8871-CF060968BE77,WeatherApp Pro,location_ping,App -> AdNetwork_B -> SSP_Y,True,False,Synthetic (Real Rails Demo)
2026-04-03T02:25:05Z,FDD6D429-679B-415D-8871-CF060968BE77,FitnessTracker Plus,background_sync,App -> AdNetwork_B -> SSP_Y,True,False,Synthetic (Real Rails Demo)
2026-04-03T01:35:05Z,FDD6D429-679B-415D-8871-CF060968BE77,Casual Puzzle Game,ad_bid_request,App -> AdNetwork_A -> DSP_Z -> DataBroker_Beta,False,True,Synthetic (Real Rails Demo)
2026-04-02T22:33:05Z,1CCE7E01-0222-43FD-9886-791E8486B89F,Casual Puzzle Game,ad_bid_request,App -> AdNetwork_A -> DSP_X -> DataBroker_Alpha,True,False,Synthetic (Real Rails Demo)
2026-04-02T21:37:05Z,FDD6D429-679B-415D-8871-CF060968BE77,FitnessTracker Plus,location_ping,App -> Location_Monetizer -> HedgeFund_Data,False,True,Synthetic (Real Rails Demo)
2026-04-02T20:58:05Z,DF1DED93-E52A-46CA-B2EB-0D9BAB398602,WeatherApp Pro,ad_click,App -> Internal Analytics,True,False,Synthetic (Real Rails Demo)
2026-04-02T18:57:05Z,2D884BB9-1526-4DF5-93A3-97322E67EE09,Daily News Aggregator,location_ping,App -> AdNetwork_A -> DSP_X -> DataBroker_Alpha,True,False,Synthetic (Real Rails Demo)
2026-04-02T16:12:05Z,5F56A8DD-3EA0-418D-9C4C-CB152846C30F,Budgeting Tool,background_sync,App -> AdNetwork_A -> DSP_X -> DataBroker_Alpha,True,True,Synthetic (Real Rails Demo)
2026-04-02T14:34:05Z,1CCE7E01-0222-43FD-9886-791E8486B89F,WeatherApp Pro,location_ping,App -> Location_Monetizer -> HedgeFund_Data,False,False,Synthetic (Real Rails Demo)
2026-04-02T11:32:05Z,BFC84A68-E949-4D0E-879F-747F49A38B9D,WeatherApp Pro,background_sync,App -> Internal Analytics,True,False,Synthetic (Real Rails Demo)
2026-04-02T11:11:05Z,F4EB6C1A-D199-4D43-910B-D6254424BF09,Daily News Aggregator,ad_bid_request,App -> Internal Analytics,True,False,Synthetic (Real Rails Demo)
2026-04-02T10:13:05Z,47920BF4-EF53-4CB9-95EB-DC94AF09879E,WeatherApp Pro,ad_bid_request,App -> Location_Monetizer -> HedgeFund_Data,True,False,Synthetic (Real Rails Demo)
2026-04-02T08:27:05Z,BFC84A68-E949-4D0E-879F-747F49A38B9D,FitnessTracker Plus,ad_bid_request,App -> AdNetwork_B -> SSP_Y,False,False,Synthetic (Real Rails Demo)
2026-04-02T06:59:05Z,FDD6D429-679B-415D-8871-CF060968BE77,Daily News Aggregator,ad_click,App -> Internal Analytics,True,True,Synthetic (Real Rails Demo)
2026-04-02T05:04:05Z,488DE9D2-55A7-4D46-A0B3-A15BA89613F6,Budgeting Tool,ad_bid_request,App -> AdNetwork_B -> SSP_Y,True,True,Synthetic (Real Rails Demo)
2026-04-02T04:21:05Z,A1678FE7-98D5-4641-878E-B613A823F403,Casual Puzzle Game,ad_click,App -> AdNetwork_A -> DSP_X -> DataBroker_Alpha,False,False,Synthetic (Real Rails Demo)
2026-04-02T02:05:05Z,A1678FE7-98D5-4641-878E-B613A823F403,Casual Puzzle Game,background_sync,App -> Internal Analytics,True,False,Synthetic (Real Rails Demo)
2026-04-02T01:55:05Z,190CEBF8-336B-4ACD-8938-5D2F633319D7,Daily News Aggregator,ad_click,App -> AdNetwork_A -> DSP_Z -> DataBroker_Beta,True,False,Synthetic (Real Rails Demo)
2026-04-02T00:11:05Z,E29A3EC2-2CEA-4650-8893-982DEBDD0A5A,Budgeting Tool,ad_click,App -> AdNetwork_B -> SSP_Y,False,True,Synthetic (Real Rails Demo)
2026-04-01T23:59:05Z,F4EB6C1A-D199-4D43-910B-D6254424BF09,Budgeting Tool,ad_click,App -> AdNetwork_B -> SSP_Y,True,False,Synthetic (Real Rails Demo)
2026-04-01T20:30:05Z,A35BA837-A793-48FF-9BCA-30CFDAD478C9,FitnessTracker Plus,ad_bid_request,App -> AdNetwork_A -> DSP_Z -> DataBroker_Beta,True,True,Synthetic (Real Rails Demo)
2026-04-01T19:07:05Z,91B5046F-D94A-456C-A22E-92263C2366E3,WeatherApp Pro,ad_bid_request,App -> AdNetwork_A -> DSP_X -> DataBroker_Alpha,True,False,Synthetic (Real Rails Demo)
2026-04-01T19:06:05Z,F4EB6C1A-D199-4D43-910B-D6254424BF09,Budgeting Tool,app_open,App -> AdNetwork_A -> DSP_X -> DataBroker_Alpha,True,False,Synthetic (Real Rails Demo)
2026-04-01T15:56:05Z,40508C6C-72ED-4F7D-B9A8-9F0E4A4FFAA4,Budgeting Tool,app_open,App -> AdNetwork_A -> DSP_Z -> DataBroker_Beta,True,False,Synthetic (Real Rails Demo)
2026-04-01T14:07:05Z,FDD6D429-679B-415D-8871-CF060968BE77,Daily News Aggregator,background_sync,App -> AdNetwork_A -> DSP_Z -> DataBroker_Beta,True,False,Synthetic (Real Rails Demo)
2026-04-01T12:13:05Z,7DD49455-532C-4681-B55F-F090756D1F22,Budgeting Tool,location_ping,App -> AdNetwork_A -> DSP_X -> DataBroker_Alpha,True,False,Synthetic (Real Rails Demo)
2026-04-01T09:07:05Z,F4EB6C1A-D199-4D43-910B-D6254424BF09,FitnessTracker Plus,ad_bid_request,App -> Internal Analytics,False,False,Synthetic (Real Rails Demo)
2026-04-01T04:51:05Z,BFC84A68-E949-4D0E-879F-747F49A38B9D,Casual Puzzle Game,ad_click,App -> AdNetwork_B -> SSP_Y,True,True,Synthetic (Real Rails Demo)
2026-04-01T00:27:05Z,A1678FE7-98D5-4641-878E-B613A823F403,Daily News Aggregator,location_ping,App -> AdNetwork_B -> SSP_Y,True,True,Synthetic (Real Rails Demo)
2026-04-01T00:03:05Z,E3B003F3-A380-4712-9F6B-33A620460158,FitnessTracker Plus,location_ping,App -> AdNetwork_A -> DSP_Z -> DataBroker_Beta,False,False,Synthetic (Real Rails Demo)
2026-03-31T21:26:05Z,488DE9D2-55A7-4D46-A0B3-A15BA89613F6,Budgeting Tool,location_ping,App -> AdNetwork_B -> SSP_Y,False,False,Synthetic (Real Rails Demo)
2026-03-31T16:58:05Z,BFC84A68-E949-4D0E-879F-747F49A38B9D,FitnessTracker Plus,ad_click,App -> Internal Analytics,True,True,Synthetic (Real Rails Demo)
2026-03-31T16:50:05Z,652157A5-8994-4DDA-84DC-E6AFDFFF9E88,WeatherApp Pro,app_open,App -> AdNetwork_B -> SSP_Y,True,False,Synthetic (Real Rails Demo)
2026-03-31T16:47:05Z,AB0D2DDF-F29E-4E9E-898A-0EEE38BA0EAE,Daily News Aggregator,location_ping,App -> AdNetwork_A -> DSP_X -> DataBroker_Alpha,True,False,Synthetic (Real Rails Demo)
2026-03-31T16:26:05Z,A1678FE7-98D5-4641-878E-B613A823F403,FitnessTracker Plus,background_sync,App -> AdNetwork_A -> DSP_X -> DataBroker_Alpha,True,True,Synthetic (Real Rails Demo)
2026-03-31T13:17:05Z,0B15C566-8140-405D-B6C0-09DE3518B2FF,WeatherApp Pro,background_sync,App -> AdNetwork_A -> DSP_X -> DataBroker_Alpha,True,True,Synthetic (Real Rails Demo)
2026-03-31T12:46:05Z,47920BF4-EF53-4CB9-95EB-DC94AF09879E,Budgeting Tool,background_sync,App -> Location_Monetizer -> HedgeFund_Data,True,False,Synthetic (Real Rails Demo)
2026-03-31T10:23:05Z,9B7FC4EE-8337-4BE5-8887-19B4D6F088DB,WeatherApp Pro,ad_bid_request,App -> AdNetwork_A -> DSP_Z -> DataBroker_Beta,True,True,Synthetic (Real Rails Demo)
2026-03-31T10:12:05Z,FDD6D429-679B-415D-8871-CF060968BE77,FitnessTracker Plus,app_open,App -> AdNetwork_A -> DSP_X -> DataBroker_Alpha,True,True,Synthetic (Real Rails Demo)
2026-03-31T08:37:05Z,1CCE7E01-0222-43FD-9886-791E8486B89F,Daily News Aggregator,background_sync,App -> AdNetwork_A -> DSP_X -> DataBroker_Alpha,True,False,Synthetic (Real Rails Demo)
2026-03-31T07:07:05Z,47920BF4-EF53-4CB9-95EB-DC94AF09879E,Budgeting Tool,location_ping,App -> AdNetwork_A -> DSP_X -> DataBroker_Alpha,False,True,Synthetic (Real Rails Demo)
2026-03-31T06:45:05Z,807C9392-8A43-4DB6-BC81-593C1A32AC41,FitnessTracker Plus,ad_click,App -> AdNetwork_A -> DSP_X -> DataBroker_Alpha,True,True,Synthetic (Real Rails Demo)
2026-03-31T05:07:05Z,01A9D413-F47B-4EE1-89C3-F9FB0047FFF3,Budgeting Tool,location_ping,App -> AdNetwork_A -> DSP_Z -> DataBroker_Beta,False,True,Synthetic (Real Rails Demo)
2026-03-31T04:04:05Z,E29A3EC2-2CEA-4650-8893-982DEBDD0A5A,Casual Puzzle Game,ad_bid_request,App -> AdNetwork_A -> DSP_Z -> DataBroker_Beta,False,False,Synthetic (Real Rails Demo)
2026-03-31T01:16:05Z,B089A6B3-366C-4A9D-A74E-9F5A2A3CE886,FitnessTracker Plus,ad_bid_request,App -> AdNetwork_A -> DSP_Z -> DataBroker_Beta,False,False,Synthetic (Real Rails Demo)
2026-03-31T01:14:05Z,2F867A62-A4E2-466D-97E3-E57AAFC30341,WeatherApp Pro,ad_bid_request,App -> Location_Monetizer -> HedgeFund_Data,True,True,Synthetic (Real Rails Demo)
2026-03-31T00:37:05Z,A1678FE7-98D5-4641-878E-B613A823F403,FitnessTracker Plus,background_sync,App -> AdNetwork_B -> SSP_Y,True,True,Synthetic (Real Rails Demo)
2026-03-30T23:37:05Z,98C5CAC8-520F-441E-B7DE-81815DDC80CA,Budgeting Tool,ad_click,App -> AdNetwork_A -> DSP_Z -> DataBroker_Beta,True,False,Synthetic (Real Rails Demo)
2026-03-30T21:54:05Z,38424A70-5100-44D4-B102-D33C228158BA,Budgeting Tool,ad_click,App -> Location_Monetizer -> HedgeFund_Data,True,False,Synthetic (Real Rails Demo)
2026-03-30T20:10:05Z,8ADAEEE4-16A2-44E0-B4A3-98640E81CCC7,Daily News Aggregator,ad_bid_request,App -> AdNetwork_A -> DSP_X -> DataBroker_Alpha,True,False,Synthetic (Real Rails Demo)
2026-03-30T16:45:05Z,47920BF4-EF53-4CB9-95EB-DC94AF09879E,Budgeting Tool,ad_click,App -> Internal Analytics,True,False,Synthetic (Real Rails Demo)
2026-03-30T16:33:05Z,488DE9D2-55A7-4D46-A0B3-A15BA89613F6,Daily News Aggregator,background_sync,App -> AdNetwork_B -> SSP_Y,True,True,Synthetic (Real Rails Demo)
2026-03-30T16:15:05Z,FDD6D429-679B-415D-8871-CF060968BE77,Budgeting Tool,app_open,App -> AdNetwork_A -> DSP_X -> DataBroker_Alpha,True,True,Synthetic (Real Rails Demo)
2026-03-30T15:38:05Z,2D884BB9-1526-4DF5-93A3-97322E67EE09,FitnessTracker Plus,background_sync,App -> Location_Monetizer -> HedgeFund_Data,True,False,Synthetic (Real Rails Demo)
2026-03-30T14:23:05Z,1CCE7E01-0222-43FD-9886-791E8486B89F,Budgeting Tool,background_sync,App -> AdNetwork_B -> SSP_Y,True,False,Synthetic (Real Rails Demo)
2026-03-30T14:06:05Z,A35BA837-A793-48FF-9BCA-30CFDAD478C9,Budgeting Tool,ad_bid_request,App -> Internal Analytics,True,False,Synthetic (Real Rails Demo)
2026-03-30T12:25:05Z,D7BFE260-90A5-4317-BE21-229051B6C593,Casual Puzzle Game,location_ping,App -> Location_Monetizer -> HedgeFund_Data,False,False,Synthetic (Real Rails Demo)
2026-03-30T11:39:05Z,FDD6D429-679B-415D-8871-CF060968BE77,Daily News Aggregator,app_open,App -> AdNetwork_B -> SSP_Y,True,True,Synthetic (Real Rails Demo)
2026-03-30T07:12:05Z,C0FAD320-158A-463F-BEAC-5B29D52AA854,Casual Puzzle Game,app_open,App -> AdNetwork_A -> DSP_X -> DataBroker_Alpha,True,True,Synthetic (Real Rails Demo)
2026-03-30T05:17:05Z,F4EB6C1A-D199-4D43-910B-D6254424BF09,Budgeting Tool,app_open,App -> Internal Analytics,True,True,Synthetic (Real Rails Demo)
2026-03-30T05:04:05Z,BFC84A68-E949-4D0E-879F-747F49A38B9D,Casual Puzzle Game,ad_bid_request,App -> Location_Monetizer -> HedgeFund_Data,True,False,Synthetic (Real Rails Demo)
2026-03-30T04:16:05Z,F4EB6C1A-D199-4D43-910B-D6254424BF09,WeatherApp Pro,app_open,App -> AdNetwork_A -> DSP_Z -> DataBroker_Beta,True,False,Synthetic (Real Rails Demo)
2026-03-30T03:16:05Z,47920BF4-EF53-4CB9-95EB-DC94AF09879E,FitnessTracker Plus,ad_bid_request,App -> Location_Monetizer -> HedgeFund_Data,True,True,Synthetic (Real Rails Demo)
2026-03-30T03:15:05Z,BFC84A68-E949-4D0E-879F-747F49A38B9D,Daily News Aggregator,ad_click,App -> AdNetwork_A -> DSP_X -> DataBroker_Alpha,True,True,Synthetic (Real Rails Demo)
2026-03-30T01:25:05Z,A1678FE7-98D5-4641-878E-B613A823F403,WeatherApp Pro,location_ping,App -> AdNetwork_A -> DSP_X -> DataBroker_Alpha,True,False,Synthetic (Real Rails Demo)
2026-03-30T00:09:05Z,2D884BB9-1526-4DF5-93A3-97322E67EE09,Budgeting Tool,ad_bid_request,App -> AdNetwork_B -> SSP_Y,True,False,Synthetic (Real Rails Demo)
2026-03-29T23:06:05Z,1CCE7E01-0222-43FD-9886-791E8486B89F,Casual Puzzle Game,app_open,App -> Location_Monetizer -> HedgeFund_Data,True,False,Synthetic (Real Rails Demo)
2026-03-29T22:44:05Z,AED082D5-B778-4B93-AEC8-ACA2C11C4955,FitnessTracker Plus,ad_bid_request,App -> AdNetwork_B -> SSP_Y,True,False,Synthetic (Real Rails Demo)
2026-03-29T21:52:05Z,E29A3EC2-2CEA-4650-8893-982DEBDD0A5A,WeatherApp Pro,ad_click,App -> AdNetwork_B -> SSP_Y,True,False,Synthetic (Real Rails Demo)
2026-03-29T21:11:05Z,E29A3EC2-2CEA-4650-8893-982DEBDD0A5A,WeatherApp Pro,ad_click,App -> AdNetwork_A -> DSP_Z -> DataBroker_Beta,False,False,Synthetic (Real Rails Demo)
2026-03-29T19:49:05Z,A1678FE7-98D5-4641-878E-B613A823F403,Budgeting Tool,background_sync,App -> AdNetwork_A -> DSP_Z -> DataBroker_Beta,True,False,Synthetic (Real Rails Demo)
2026-03-29T18:03:05Z,C58431CE-96C7-497D-B9F7-18219AEAE11B,FitnessTracker Plus,background_sync,App -> Location_Monetizer -> HedgeFund_Data,True,False,Synthetic (Real Rails Demo)
